Word	IPA	SCA	Source	Concept_ID	Cognate_Set_ID
aa	aa	AA	abvd	WHAT	abvd_188_what_84
aere	aere	AERE	abvd	WALK	abvd_5_towalk_6
ai	ai	AI	abvd	WHO	abvd_189_who_1
anu	anu	ANU	abvd	SPIT	abvd_36_tospit_14
ao	ao	AO	abvd	CLOUD	abvd_131_cloud_12
ape	ape	APE	abvd	THOUSAND	abvd_210_onethousand_3
api	api	API	abvd	FIRE	abvd_143_fire_1
ara	ara	ARA	abvd	PATH OR ROAD	abvd_6_roadpath_1
arero	arero	ARERO	abvd	TONGUE	abvd_32_tongue_15
aroaro	aroaro	AROARO	abvd	BELLY	abvd_14_belly_10
ate	ate	ATE	abvd	LIVER	abvd_17_liver_1
au	au	AU	abvd	COME	abvd_7_tocome_44
autiapi	autiapi	AUTIAPI	abvd	SMOKE (EXHAUST)	abvd_145_smoke_2
e-na	ena	ENA	abvd	THAT	abvd_178_that_1
fukalu	fukalu	PUKALU	abvd	WHEN	-
i	i	I	abvd	AT	abvd_173_at_1
i roto	iroto	IROTO	abvd	IN	abvd_174_ininside_5
ia	ia	IA	abvd	HE OR SHE	abvd_184_heshe_1
ieni	ieni	IENI	abvd	THIS	abvd_177_this_1
ika	ika	IKA	abvd	FISH	abvd_111_fish_1
ingoa	ingoa	INGOA	abvd	NAME	abvd_63_name_6
inu	inu	INU	abvd	DRINK	abvd_40_todrink_1
iroa	iroa	IROA	abvd	KNOW (SOMETHING)	abvd_20_toknowbeknowledgeable_13
iu	iu	IU	abvd	NOSE	abvd_27_nose_1
iva	iva	IBA	abvd	NINE	abvd_205_nine_5
ivi	ivi	IBI	abvd	BONE	abvd_15_bone_52
kai	kai	KAI	abvd	EAT	abvd_37_toeat_1
kaia	kaia	KAIA	abvd	STEAL	abvd_73_tosteal_7
kaiakaiaa	kaiakaiaa	KAIAKAIAA	abvd	STEAL	abvd_73_tosteal_7
kairo	kairo	KAIRO	abvd	NO OR NOT	-
kakaa	kakaa	KAKAA	abvd	BURN	abvd_144_toburn_62
kakai	kakai	KAKAI	abvd	SHARP	abvd_81_sharp_14
kakamo	kakamo	KAKAMO	abvd	LIGHTNING	abvd_135_lightning_36
kakau	kakau	KAKAU	abvd	SWIM	abvd_9_toswim_5
kake	kake	KAKE	abvd	CLIMB	abvd_172_toclimb_32
kamu	kamu	KAMU	abvd	CHEW	abvd_38_tochew_7
kanofi	kanofi	KANOPI	abvd	FLESH OR MEAT	abvd_103_meatflesh_14
kanopi	kanopi	KANOPI	abvd	FLESH OR MEAT	abvd_103_meatflesh_14
kapakau	kapakau	KAPAKAU	abvd	WING	abvd_100_wing_1
karaŋa	karaa	KARAA	abvd	SAY	abvd_64_tosay_169
karevereve	karevereve	KAREBEREBE	abvd	SPIDER	abvd_110_spider_1
kata	kata	KATA	abvd	LAUGH	abvd_33_tolaugh_7
kati	kati	KATI	abvd	BITE	abvd_41_tobite_1
katoa	katoa	KATOA	abvd	ALL	abvd_191_all_13
kau	kau	KAU	abvd	I	abvd_182_i_1
ke	ke	KE	abvd	THOU	abvd_183_thou_5
kena	kena	KENA	abvd	WHITE	abvd_148_white_10
kenu	kenu	KENU	abvd	DIG	abvd_90_todig_6
kepu	kepu	KEPU	abvd	GREEN	abvd_151_green_9
kere	kere	KERE	abvd	EARTH (SOIL)	abvd_119_earthsoil_10
kerekere	kerekere	KEREKERE	abvd	EARTH (SOIL)	abvd_119_earthsoil_10
keri	keri	KERI	abvd	DIG	abvd_90_todig_1
kiore	kiore	KIORE	abvd	RAT	abvd_102_rat_12
kiri	kiri	KIRI	abvd	SKIN	abvd_12_skin_1
koe	koe	KOE	abvd	THOU	abvd_183_thou_1
koii	koii	KOII	abvd	SCRATCH	abvd_77_toscratch_12
kokopu	kokopu	KOKOPU	abvd	DUST	-
korii	korii	KORII	abvd	DOG	abvd_96_dog_7
kotou	kotou	KOTOU	abvd	YOU	abvd_186_you_16
kovi	kovi	KOBI	abvd	BAD OR EVIL	abvd_165_badevil_10
kuku	kuku	KUKU	abvd	HOLD	abvd_89_tohold_12
kukumi	kukumi	KUKUMI	abvd	SQUEEZE	abvd_88_tosqueeze_14
kumaa	kumaa	KUMAA	abvd	RAT	abvd_102_rat_13
kutu	kutu	KUTU	abvd	LOUSE	abvd_108_louse_1
m-uri	muri	MURI	abvd	BACK	abvd_13_back_3
ma-uri	mauri	MAURI	abvd	BE ALIVE	abvd_76_tolivebealive_1
maa	maa	MAA	abvd	AND	abvd_192_and_2
maaina	maaina	MAAINA	abvd	MOON	abvd_129_moon_37
maanatu	maanatu	MAANATU	abvd	THINK	abvd_21_tothink_9
maanava	maanava	MAANABA	abvd	BREATHE	abvd_28_tobreathe_1
maatoru	maatoru	MAATORU	abvd	THICK	abvd_157_thick_3
maea	maea	MAEA	abvd	ROPE	abvd_65_rope_10
makariri	makariri	MAKARIRI	abvd	COLD	abvd_139_cold_1
mamafa	mamafa	MAMAPA	abvd	HEAVY	abvd_142_heavy_46
mamao	mamao	MAMAO	abvd	FAR	abvd_180_far_13
mamata	mamata	MAMATA	abvd	SEE	abvd_46_tosee_8
mana	mana	MANA	abvd	THUNDER	abvd_134_thunder_37
manava	manava	MANABA	abvd	BELLY	abvd_14_belly_9
manipinipi	manipinipi	MANIPINIPI	abvd	THIN	abvd_156_thin_1
mano	mano	MANO	abvd	THOUSAND	abvd_210_onethousand_2
manu	manu	MANU	abvd	BIRD	abvd_97_bird_1
mapanapana	mapanapana	MAPANAPANA	abvd	WARM	abvd_138_warm_1
mata	mata	MATA	abvd	EYE	abvd_45_eye_1
mataku	mataku	MATAKU	abvd	FEAR (BE AFRAID)	abvd_22_tofear_1
matangi	matangi	MATANGI	abvd	WIND	abvd_136_wind_1
matau	matau	MATAU	abvd	RIGHT	abvd_3_right_5
mate	mate	MATE	abvd	BE DEAD OR DIE	abvd_75_todiebedead_1
matua	matua	MATUA	abvd	HUSBAND	abvd_57_husband_36
mauri	mauri	MAURI	abvd	BE ALIVE	abvd_76_tolivebealive_1
mero	mero	MERO	abvd	RED	abvd_149_red_1
miti	miti	MITI	abvd	SUCK	abvd_42_tosuck_8
mo	mo	MO	abvd	AND	abvd_192_and_9
moana	moana	MOANA	abvd	SEA	abvd_124_sea_10
moe	moe	MOE	abvd	SLEEP	abvd_48_tosleep_10
momona	momona	MOMONA	abvd	FAT (ORGANIC SUBSTANCE)	abvd_104_fatgrease_1
motu	motu	MOTU	abvd	CUT OR HACK	abvd_78_tocuthack_54
mumuni	mumuni	MUMUNI	abvd	HIDE	abvd_171_tohide_1
mātua	mtua	MTUA	abvd	OLD	abvd_162_old_1
na	na	NA	abvd	THEY	-
naaua	naaua	NAAUA	abvd	THEY	-
namu	namu	NAMU	abvd	MOSQUITO	abvd_109_mosquito_1
nanamu	nanamu	NANAMU	abvd	SMELL (PERCEIVE)	abvd_29_tosniffsmell_41
natou	natou	NATOU	abvd	THEY	-
nau	nau	NAU	abvd	MOTHER	abvd_59_mother_7
nei	nei	NEI	abvd	NEAR	abvd_179_near_31
nepu	nepu	NEPU	abvd	FOG	abvd_132_fog_22
ngaengae	ngaengae	NGAENGAE	abvd	PAINFUL OR SICK	abvd_160_painfulsick_10
ngarue	ngarue	NGARUE	abvd	WORK (ACTIVITY)	abvd_83_towork_11
ngutu	ngutu	NGUTU	abvd	MOUTH	abvd_30_mouth_2
nima	nima	NIMA	abvd	HAND	abvd_1_hand_1
nipo	nipo	NIPO	abvd	TOOTH	abvd_31_tooth_1
nonoo	nonoo	NONOO	abvd	FASTEN	abvd_66_totieupfasten_15
nopine	nopine	NOPINE	abvd	WIFE	abvd_58_wife_5
nopo	nopo	NOPO	abvd	SIT	abvd_51_tosit_16
nounou	nounou	NOUNOU	abvd	SHORT	abvd_154_short_42
oata	oata	OATA	abvd	RED	-
ono	ono	ONO	abvd	SIX	abvd_202_six_1
ora	ora	ORA	abvd	BE ALIVE	abvd_76_tolivebealive_6
paa	paa	PAA	abvd	FOUR	abvd_200_four_1
pai	pai	PAI	abvd	SPLIT	abvd_80_tosplit_4
pakamaa	pakamaa	PAKAMAA	abvd	SHY OR ASHAMED	abvd_161_shyashamed_1
pakupaku	pakupaku	PAKUPAKU	abvd	DRY	abvd_140_dry_38
papai	papai	PAPAI	abvd	SPLIT	abvd_80_tosplit_4
papine	papine	PAPINE	abvd	FEMALE PERSON	abvd_55_womanfemale_1
para	para	PARA	abvd	HUNT	abvd_69_tohunt_28
parapara	parapara	PARAPARA	abvd	DIRTY	abvd_10_dirty_7
pare	pare	PARE	abvd	HOUSE	abvd_61_house_14
patu	patu	PATU	abvd	STONE	abvd_120_stone_1
pau	pau	PAU	abvd	FASTEN	abvd_66_totieupfasten_11
pe	pe	PE	abvd	IF	abvd_193_if_28
pea	pea	PEA	abvd	WHERE	abvd_181_where_3
peepee	peepee	PEEPEE	abvd	THROW	abvd_94_tothrow_12
peiia	peiia	PEIIA	abvd	THROW	abvd_94_tothrow_12
pengu	pengu	PENGU	abvd	BLUNT	abvd_82_dullblunt_12
pepeeki	pepeeki	PEPEEKI	abvd	HOW	abvd_194_how_11
petū	pet	PET	abvd	STAR	abvd_130_star_1
pitu	pitu	PITU	abvd	SEVEN	abvd_203_seven_1
pokouru	pokouru	POKOURU	abvd	HEAD	abvd_24_head_10
poo	poo	POO	abvd	NIGHT	abvd_167_night_1
popo	popo	POPO	abvd	ROTTEN	abvd_112_rotten_14
poto	poto	POTO	abvd	KNOW (SOMETHING)	abvd_20_toknowbeknowledgeable_15
pou	pou	POU	abvd	NEW	abvd_163_new_1
pouri	pouri	POURI	abvd	NIGHT	abvd_167_night_10
pua	pua	PUA	abvd	FLOWER	abvd_116_flower_1
puai	puai	PUAI	abvd	EGG	abvd_98_egg_5
puangapuru	puangapuru	PUANGAPURU	abvd	TEN	abvd_206_ten_5
pupui	pupui	PUPUI	abvd	BLOW (OF WIND)	abvd_137_toblow_6
puri	puri	PURI	abvd	TURN	abvd_8_toturn_15
puru	puru	PURU	abvd	HAIR	abvd_26_hair_31
raakau	raakau	RAAKAU	abvd	STICK	abvd_79_stickwood_1
rai	rai	RAI	abvd	BIG	abvd_153_big_12
rara	rara	RARA	abvd	BRANCH	abvd_113_branch_1
raro	raro	RARO	abvd	BELOW OR UNDER	abvd_176_below_8
rau	rau	RAU	abvd	LEAF	abvd_114_leaf_1
raŋi	rai	RAI	abvd	SKY	abvd_128_sky_1
remo	remo	REMO	abvd	FALL	abvd_95_tofall_88
repu	repu	REPU	abvd	ASH	abvd_146_ashes_67
rere	rere	RERE	abvd	FLY (MOVE THROUGH AIR)	abvd_101_tofly_11
rerei	rerei	REREI	abvd	GOOD	abvd_164_good_17
riki	riki	RIKI	abvd	SMALL	abvd_152_small_66
rima	rima	RIMA	abvd	HAND	abvd_1_hand_1
roa	roa	ROA	abvd	LONG	abvd_155_long_12
roŋo	roo	ROO	abvd	HEAR	abvd_44_tohear_1
rua	rua	RUA	abvd	VOMIT	abvd_35_tovomit_8
ruŋa	rua	RUA	abvd	ABOVE	abvd_175_above_9
ta mate	tamate	TAMATE	abvd	KILL	abvd_74_tokill_2
taa	taa	TAA	abvd	HIT	abvd_72_tohit_10
taepikopiko	taepikopiko	TAEPIKOPIKO	abvd	INTESTINES	-
tai	tai	TAI	abvd	ONE	abvd_197_one_41
takoto	takoto	TAKOTO	abvd	LIE DOWN	abvd_49_toliedown_7
tamaaroa	tamaaroa	TAMAAROA	abvd	MALE PERSON	abvd_54_manmale_10
tamai	tamai	TAMAI	abvd	FATHER	abvd_60_father_1
tamana	tamana	TAMANA	abvd	FATHER	abvd_60_father_1
tamati	tamati	TAMATI	abvd	CHILD	abvd_56_child_6
tangata	tangata	TANGATA	abvd	PERSON	abvd_53_personhumanbeing_1
tangi	tangi	TANGI	abvd	CRY	abvd_34_tocry_1
tao	tao	TAO	abvd	COOK (SOMETHING)	abvd_39_tocook_10
taotao	taotao	TAOTAO	abvd	THATCH OR ROOF	abvd_62_thatchroof_23
tapito	tapito	TAPITO	abvd	ROOT	-
tapu	tapu	TAPU	abvd	BURN	abvd_144_toburn_8
tariŋa	taria	TARIA	abvd	EAR	abvd_43_ear_1
tasi	tasi	TASI	abvd	ONE	abvd_197_one_41
tatape	tatape	TATAPE	abvd	FLOW	abvd_123_toflow_10
tatara	tatara	TATARA	abvd	OPEN	abvd_92_toopenuncover_10
tatau	tatau	TATAU	abvd	SQUEEZE	abvd_88_tosqueeze_13
tau	tau	TAU	abvd	YEAR	abvd_169_year_1
taui	taui	TAUI	abvd	BUY	abvd_91_tobuy_9
tea	tea	TEA	abvd	WHITE	abvd_148_white_8
tema	tema	TEMA	abvd	LEFT	abvd_2_left_11
tetenga	tetenga	TETENGA	abvd	YELLOW	abvd_150_yellow_12?
tikutiku	tikutiku	TIKUTIKU	abvd	TAIL	abvd_105_tail_13
tinana	tinana	TINANA	abvd	MOTHER	abvd_59_mother_1
titina	titina	TITINA	abvd	SEW	-
tokai	tokai	TOKAI	abvd	STAB	abvd_71_tostabpierce_77
tonu	tonu	TONU	abvd	CORRECT (RIGHT)	abvd_166_correcttrue_8
too	too	TOO	abvd	PLANT (SOMETHING)	abvd_84_toplant_4
toru	toru	TORU	abvd	THREE	abvd_199_three_1
toto	toto	TOTO	abvd	BLOOD	abvd_23_blood_4
tou	tou	TOU	abvd	WE	abvd_185_we_39
tuki	tuki	TUKI	abvd	HIT	abvd_72_tohit_8
tupu	tupu	TUPU	abvd	GROW	abvd_86_togrow_1
turi	turi	TURI	abvd	HUNT	abvd_69_tohunt_8
tutu	tutu	TUTU	abvd	BURN	abvd_144_toburn_1
tuu	tuu	TUU	abvd	STAND	abvd_52_tostand_2
ua	ua	UA	abvd	NECK	abvd_25_neck_18
ui	ui	UI	abvd	BONE	abvd_15_bone_52
uri	uri	URI	abvd	BLACK	abvd_147_black_7
uru	uru	URU	abvd	HEAD	abvd_24_head_1
uu	uu	UU	abvd	BREAST	abvd_18_breast_1
vae	vae	BAE	abvd	FOOT OR LEG	abvd_4_legfoot_1
vai	vai	BAI	abvd	WATER	abvd_122_water_2
vao	vao	BAO	abvd	GRASS	-
varu	varu	BARU	abvd	EIGHT	abvd_204_eight_3
vata	vata	BATA	abvd	SEA	abvd_124_sea_12
ūra	ra	RA	abvd	SWELL	abvd_87_toswell_7
