Word	IPA	SCA	Source	Concept_ID	Cognate_Set_ID
a	a	A	abvd	AND	abvd_192_and_21
a o baron	aobaron	AOBARON	abvd	BRANCH	-
a-a	aa	AA	abvd	BRANCH	abvd_113_branch_1
a-arich	aarich	AARIKH	abvd	SHY OR ASHAMED	-
abas	abas	ABAS	abvd	SEA	abvd_124_sea_59
abaza	abaza	ABASA	abvd	WALK	-
abo	abo	ABO	abvd	ASH	abvd_146_ashes_1
abás	abs	ABS	abvd	SEA	abvd_124_sea_59
achab	achab	AKHAB	abvd	FIVE	abvd_201_five_2
acho	acho	AKHO	abvd	LOUSE	abvd_108_louse_1
adam	adam	ADAM	abvd	BIRD	abvd_97_bird_2
adaudon	adaudon	ADAUDON	abvd	THATCH OR ROOF	abvd_62_thatchroof_59
addas	addas	ADDAS	abvd	HAND	-
aga	aga	AGA	abvd	THROW	abvd_94_tothrow_83
aganaya	aganaya	AGANAUA	abvd	WHAT	abvd_188_what_47
aggo-aan	aggoaan	AGGOAAN	abvd	THROW	abvd_94_tothrow_83
aha	aha	AHA	abvd	ONE	abvd_197_one_1
ai	ai	AI	abvd	THIS	-
ai-i	aii	AII	abvd	THAT	abvd_178_that_32
ai-ies	aiies	AIIES	abvd	THAT	abvd_178_that_32
ai-inies	aiinies	AIINIES	abvd	THAT	abvd_178_that_32
ai-sat-na-sek	aisatnasek	AISATNASEK	abvd	STAR	abvd_130_star_63
aicho-es dechonoë	aichoesdechono	AIKHOESDEKHONO	abvd	THEY	abvd_187_they_47
ailemons	ailemons	AILEMONS	abvd	THAT	abvd_178_that_32
ailo	ailo	AILO	abvd	THAT	abvd_178_that_32
ailo-ies	ailoies	AILOIES	abvd	THAT	abvd_178_that_32
ailoeë	ailoe	AILOE	abvd	THAT	abvd_178_that_32
airoossen	airoossen	AIROOSSEN	abvd	SIT	-
aisennas	aisennas	AISENNAS	abvd	STAR	abvd_130_star_63
aismala	aismala	AISMALA	abvd	SLEEP	abvd_48_tosleep_41
ake	ake	AKE	abvd	BAD OR EVIL	abvd_165_badevil_77
alau	alau	ALAU	abvd	FISH	-
alle	alle	ALLE	abvd	CHILD	abvd_56_child_1
alo	alo	ALO	abvd	COME	-
aman	aman	AMAN	abvd	EAT	abvd_37_toeat_1
amma	amma	AMMA	abvd	EAT	abvd_37_toeat_1
amman	amman	AMMAN	abvd	EAT	abvd_37_toeat_1
amorra	amorra	AMORRA	abvd	LIVER	abvd_17_liver_46
amán	amn	AMN	abvd	EAT	abvd_37_toeat_1
ana-pito	anapito	ANAPITO	abvd	SEVEN	abvd_203_seven_1
anato	anato	ANATO	abvd	ONE	abvd_197_one_1
anban kyākau	anbankykau	ANBANKUKAU	abvd	DRINK	-
ani	ani	ANI	abvd	OLD	-
ani-banno	anibanno	ANIBANNO	abvd	WHEN	abvd_170_when_54
aninumma	aninumma	ANINUMMA	abvd	WHEN	-
anmau	anmau	ANMAU	abvd	STEAL	-
aoa	aoa	AOA	abvd	COME	abvd_7_tocome_50
aocho	aocho	AOKHO	abvd	LOUSE	abvd_108_louse_1
aova	aova	AOBA	abvd	FATHER	abvd_60_father_34
aowa	aowa	AOWA	abvd	COME	abvd_7_tocome_50
apilu	apilu	APILU	abvd	FOOT OR LEG	-
arapies	arapies	ARAPIES	abvd	BAD OR EVIL	abvd_165_badevil_75
aras	aras	ARAS	abvd	GRASS	abvd_118_grass_21
arat	arat	ARAT	abvd	ROPE	abvd_65_rope_75
arinau	arinau	ARINAU	abvd	BE DEAD OR DIE	abvd_75_todiebedead_33
arrabis	arrabis	ARRABIS	abvd	BREAST	abvd_18_breast_52
arrat	arrat	ARRAT	abvd	ROPE	abvd_65_rope_75
arriborribon	arriborribon	ARRIBORRIBON	abvd	NECK	abvd_25_neck_136
arribórribon	arribrribon	ARRIBRRIBON	abvd	NECK	abvd_25_neck_136
arás	ars	ARS	abvd	GRASS	abvd_118_grass_21
asiel	asiel	ASIEL	abvd	FOOT OR LEG	abvd_4_legfoot_48
asil	asil	ASIL	abvd	FOOT OR LEG	abvd_4_legfoot_48
asin	asin	ASIN	abvd	FOOT OR LEG	abvd_4_legfoot_48
asit	asit	ASIT	abvd	FOOT OR LEG	abvd_4_legfoot_48
aspe	aspe	ASPE	abvd	WET	abvd_141_wet_84
assil	assil	ASSIL	abvd	FOOT OR LEG	abvd_4_legfoot_48
asu	asu	ASU	abvd	FOOT OR LEG	abvd_4_legfoot_48
atu	atu	ATU	abvd	DOG	abvd_96_dog_1
aupaa	aupaa	AUPAA	abvd	FATHER	abvd_60_father_34
avang	avang	ABANG	abvd	GRASS	-
avankiavoaila	avankiavoaila	ABANKIABOAILA	abvd	FLOWER	-
avau	avau	ABAU	abvd	LEAF	-
awa	awa	AWA	abvd	COME	abvd_7_tocome_50
aya	aya	AUA	abvd	MOTHER	abvd_59_mother_2
aʂiel	aʂiel	ASIEL	abvd	FOOT OR LEG	abvd_4_legfoot_48
baas	baas	BAAS	abvd	YEAR	abvd_169_year_64
babiar	babiar	BABIAR	abvd	SHOULDER	abvd_19_shoulder_28
babo	babo	BABO	abvd	ABOVE	abvd_175_above_2
baboan	baboan	BABOAN	abvd	STAR	abvd_130_star_62
babosa	babosa	BABOSA	abvd	PERSON	abvd_53_personhumanbeing_64
baboán	babon	BABON	abvd	STAR	abvd_130_star_62
babó	bab	BAB	abvd	ABOVE	abvd_175_above_2
badda	badda	BADDA	abvd	CHILD	-
badiu	badiu	BADIU	abvd	COOK (SOMETHING)	-
baha	baha	BAHA	abvd	FLESH OR MEAT	abvd_103_meatflesh_76
bakani	bakani	BAKANI	abvd	DREAM (SOMETHING)	-
bakappa	bakappa	BAKAPPA	abvd	EIGHT	abvd_204_eight_1
bali	bali	BALI	abvd	WIND	abvd_136_wind_2
balok	balok	BALOK	abvd	HEAD	abvd_24_head_21
balun o bixax	balunobixax	BALUNOBIKAK	abvd	LEAF	abvd_114_leaf_2
ban	ban	BAN	abvd	EAT	abvd_37_toeat_1
ban mi o	banmio	BANMIO	abvd	DRINK	abvd_40_todrink_17
banban	banban	BANBAN	abvd	FISH	-
banína	banna	BANNA	abvd	BE DEAD OR DIE	-
banútu	bantu	BANTU	abvd	PATH OR ROAD	-
bao	bao	BAO	abvd	NEW	abvd_163_new_1
bari	bari	BARI	abvd	WIND	abvd_136_wind_2
baron	baron	BARON	abvd	STICK	abvd_79_stickwood_21
barri	barri	BARRI	abvd	WIND	abvd_136_wind_2
barron	barron	BARRON	abvd	STICK	abvd_79_stickwood_21
basin	basin	BASIN	abvd	COLD	abvd_139_cold_94
batakan	batakan	BATAKAN	abvd	MALE PERSON	abvd_54_manmale_79
batbat	batbat	BATBAT	abvd	ROPE	-
bato	bato	BATO	abvd	STONE	abvd_120_stone_1
batsip	batsip	BATSIP	abvd	GRASS	abvd_118_grass_72
batu	batu	BATU	abvd	STONE	abvd_120_stone_1
baulok	baulok	BAULOK	abvd	HEAD	abvd_24_head_21
bausi	bausi	BAUSI	abvd	PERSON	abvd_53_personhumanbeing_64?
baxa	baxa	BAKA	abvd	FLESH OR MEAT	abvd_103_meatflesh_76
baxan	baxan	BAKAN	abvd	BACK	abvd_13_back_74
baziap	baziap	BASIAP	abvd	GRASS	abvd_118_grass_72
baziep	baziep	BASIEP	abvd	GRASS	abvd_118_grass_72
bekī būhat	bekbhat	BEKBHAT	abvd	WHERE	-
bela	bela	BELA	abvd	MOUTH	abvd_30_mouth_86
belebele bala	belebelebala	BELEBELEBALA	abvd	COME	-
berax	berax	BERAK	abvd	MOUTH	abvd_30_mouth_86
beya	beya	BEUA	abvd	BIRD	-
bi-ini	biini	BIINI	abvd	NIGHT	abvd_167_night_1
bia	bia	BIA	abvd	LEAF	abvd_114_leaf_2
bidu	bidu	BIDU	abvd	BLACK	abvd_147_black_73
bila	bila	BILA	abvd	MOUTH	abvd_30_mouth_86
bioa	bioa	BIOA	abvd	THUNDER	abvd_134_thunder_77
bioes	bioes	BIOES	abvd	BELLY	-
birax	birax	BIRAK	abvd	MOUTH	abvd_30_mouth_86
biá	bi	BI	abvd	LEAF	abvd_114_leaf_2
bo'	bo	BO	abvd	FLESH OR MEAT	abvd_103_meatflesh_77
bo-ri	bori	BORI	abvd	FLESH OR MEAT	abvd_103_meatflesh_78
boa	boa	BOA	abvd	FRUIT	abvd_117_fruit_1
bodron	bodron	BODRON	abvd	HEAD	abvd_24_head_21
boesum	boesum	BOESUM	abvd	SKY	abvd_128_sky_21
bog	bog	BOG	abvd	SKIN	abvd_12_skin_65
bogh	bogh	BOGH	abvd	SKIN	abvd_12_skin_65
bokkir	bokkir	BOKKIR	abvd	NECK	abvd_25_neck_137
boli	boli	BOLI	abvd	WIND	abvd_136_wind_2
bolo	bolo	BOLO	abvd	HEAD	abvd_24_head_21
bon	bon	BON	abvd	BLUNT	-
bongbong	bongbong	BONGBONG	abvd	WIND	-
bonnad	bonnad	BONNAD	abvd	SAND	abvd_121_sand_2
borbor	borbor	BORBOR	abvd	FLESH OR MEAT	abvd_103_meatflesh_78
borrabor	borrabor	BORRABOR	abvd	DUST	abvd_11_dust_14
bossor	bossor	BOSSOR	abvd	ROOT	abvd_115_root_22
boxti rima	boxtirima	BOKTIRIMA	abvd	THUNDER	abvd_134_thunder_79
budam	budam	BUDAM	abvd	SKY	abvd_128_sky_21
budum	budum	BUDUM	abvd	SKY	abvd_128_sky_21
bulok	bulok	BULOK	abvd	HEAD	abvd_24_head_21
bulun	bulun	BULUN	abvd	SKY	abvd_128_sky_21
bunat	bunat	BUNAT	abvd	SAND	abvd_121_sand_2
buran	buran	BURAN	abvd	CLOUD	-
busat	busat	BUSAT	abvd	FLOWER	abvd_116_flower_51
busum	busum	BUSUM	abvd	SKY	abvd_128_sky_21
buza	buza	BUSA	abvd	MOSQUITO	-
buzom	buzom	BUSOM	abvd	SKY	abvd_128_sky_21
buzom no laugu	buzomnolaugu	BUSOMNOLAUGU	abvd	THUNDER	-
buzum	buzum	BUSUM	abvd	SKY	abvd_128_sky_21
báha	bha	BHA	abvd	FLESH OR MEAT	abvd_103_meatflesh_76
bíla	bla	BLA	abvd	MOUTH	abvd_30_mouth_86
bírah	brah	BRAH	abvd	MOUTH	abvd_30_mouth_86
bóá	b	B	abvd	FLESH OR MEAT	abvd_103_meatflesh_77
búro	bro	BRO	abvd	HEAD	abvd_24_head_21
būrot	brot	BROT	abvd	SLEEP	-
chaan	chaan	KHAAN	abvd	BELLY	abvd_14_belly_1
chaar	chaar	KHAAR	abvd	FEATHER	abvd_99_feather_62
chabbechab	chabbechab	KHABBEKHAB	abvd	WING	-
chaddik	chaddik	KHADDIK	abvd	NEAR	abvd_179_near_86
challam	challam	KHALLAM	abvd	LEAF	abvd_114_leaf_43
charrina	charrina	KHARRINA	abvd	EAR	abvd_43_ear_1
chatto	chatto	KHATTO	abvd	SMOKE (EXHAUST)	abvd_145_smoke_69
chau	chau	KHAU	abvd	FIRE	abvd_143_fire_1
chauch	chauch	KHAUKH	abvd	LAKE	-
chi	chi	KHI	abvd	FISH	abvd_111_fish_75
chiet	chiet	KHIET	abvd	BELLY	abvd_14_belly_1
cho	cho	KHO	abvd	PERSON	abvd_53_personhumanbeing_1
choa	choa	KHOA	abvd	HE OR SHE	abvd_184_heshe_28
choan	choan	KHOAN	abvd	BELLY	abvd_14_belly_1
chummap	chummap	KHUMMAP	abvd	PLANT (SOMETHING)	-
chummar	chummar	KHUMMAR	abvd	BURN	abvd_144_toburn_82
chums-an	chumsan	KHUMSAN	abvd	BREATHE	abvd_28_tobreathe_39
chumsan	chumsan	KHUMSAN	abvd	BREATHE	abvd_28_tobreathe_39
cháan	chan	KHAN	abvd	BELLY	abvd_14_belly_1
da-al	daal	DAAL	abvd	SHY OR ASHAMED	-
dadyeh	dadyeh	DADUEH	abvd	SALT	abvd_125_salt_39
dalom	dalom	DALOM	abvd	WATER	abvd_122_water_1
damidox	damidox	DAMIDOK	abvd	SUCK	abvd_42_tosuck_48
daran	daran	DARAN	abvd	PATH OR ROAD	abvd_6_roadpath_1
daret	daret	DARET	abvd	SALT	abvd_125_salt_40
davara	davara	DABARA	abvd	YELLOW	-
dazix	dazix	DASIK	abvd	SALT	abvd_125_salt_39
de	de	DE	abvd	AT	abvd_173_at_20
decho	decho	DEKHO	abvd	THEY	abvd_187_they_47
dema	dema	DEMA	abvd	WHERE	abvd_181_where_57
dimidok a yajim	dimidokayajim	DIMIDOKAUAYIM	abvd	SUCK	abvd_42_tosuck_48
doan	doan	DOAN	abvd	TWO	abvd_198_two_1
don	don	DON	abvd	HOUSE	abvd_61_house_21
doogh	doogh	DOOGH	abvd	HIT	-
dummadach	dummadach	DUMMADAKH	abvd	CLIMB	abvd_172_toclimb_46
dummasdis	dummasdis	DUMMASDIS	abvd	SIT	-
dummocha	dummocha	DUMMOKHA	abvd	VOMIT	abvd_35_tovomit_1?
duppoch	duppoch	DUPPOKH	abvd	FEATHER	-
dúa	da	DA	abvd	TWO	abvd_198_two_1
ema	ema	EMA	abvd	FAT (ORGANIC SUBSTANCE)	abvd_104_fatgrease_2
erab	erab	ERAB	abvd	SPIT	-
eres	eres	ERES	abvd	PAINFUL OR SICK	abvd_160_painfulsick_91
esurro	esurro	ESURRO	abvd	THINK	-
ganu	ganu	GANU	abvd	SEA	abvd_124_sea_63
gawa	gawa	GAWA	abvd	FOOT OR LEG	abvd_4_legfoot_76
gawan	gawan	GAWAN	abvd	HOUSE	abvd_61_house_21?
gawat	gawat	GAWAT	abvd	FOOT OR LEG	abvd_4_legfoot_76
gazom	gazom	GASOM	abvd	SKY	abvd_128_sky_21
gekata	gekata	GEKATA	abvd	EARTH (SOIL)	abvd_119_earthsoil_95
genjyu	genjyu	GENYUU	abvd	EYE	-
geppa	geppa	GEPPA	abvd	FOUR	abvd_200_four_1
geutat	geutat	GEUTAT	abvd	RAIN (PRECIPITATION)	abvd_133_rain_1
geyanut	geyanut	GEUANUT	abvd	NOSE	abvd_27_nose_38
geyariubahari	geyariubahari	GEUARIUBAHARI	abvd	CHILD	abvd_56_child_65
geyatat	geyatat	GEUATAT	abvd	WATER	abvd_122_water_49
geyatsi	geyatsi	GEUATSI	abvd	FISH	abvd_111_fish_78
giatan	giatan	GIATAN	abvd	SKY	abvd_128_sky_21
giatap	giatap	GIATAP	abvd	WATER	abvd_122_water_49
giati	giati	GIATI	abvd	FISH	abvd_111_fish_78
goa-a	goaa	GOAA	abvd	TWO	abvd_198_two_1
goaa	goaa	GOAA	abvd	TWO	abvd_198_two_1
goala	goala	GOALA	abvd	RAIN (PRECIPITATION)	-
goaten	goaten	GOATEN	abvd	MOON	-
gou	gou	GOU	abvd	FIRE	-
gua	gua	GUA	abvd	TWO	abvd_198_two_1
guitoo	guitoo	GUITOO	abvd	SEVEN	abvd_203_seven_1
gummeoch	gummeoch	GUMMEOKH	abvd	THATCH OR ROOF	-
gummo	gummo	GUMMO	abvd	SMALL	abvd_152_small_97
gummogh	gummogh	GUMMOGH	abvd	FASTEN	abvd_66_totieupfasten_101
guso	guso	GUSO	abvd	SEVEN	abvd_203_seven_1
guítu	gutu	GUTU	abvd	SEVEN	abvd_203_seven_1
gyatab	gyatab	GUATAB	abvd	WATER	abvd_122_water_49
gyelai	gyelai	GUELAI	abvd	MOON	abvd_129_moon_50
gyobe	gyobe	GUOBE	abvd	MOUTH	abvd_30_mouth_85
gyotab	gyotab	GUOTAB	abvd	ASH	abvd_146_ashes_1
gyálim	gylim	GULIM	abvd	CHILD	abvd_56_child_35
gyálun	gylun	GULUN	abvd	SKY	abvd_128_sky_21
gyálut	gylut	GULUT	abvd	NOSE	abvd_27_nose_38
gyátab	gytab	GUTAB	abvd	RAIN (PRECIPITATION)	abvd_133_rain_1
gyátak	gytak	GUTAK	abvd	EARTH (SOIL)	abvd_119_earthsoil_95
gyáti	gyti	GUTI	abvd	FISH	abvd_111_fish_78
gípat	gpat	GPAT	abvd	FOUR	abvd_200_four_1
gālim	glim	GLIM	abvd	CHILD	abvd_56_child_35
habu	habu	HABU	abvd	ASH	abvd_146_ashes_1
hairamu	hairamu	HAIRAMU	abvd	BIRD	-
haisanad	haisanad	HAISANAD	abvd	STAR	abvd_130_star_63
haisanak	haisanak	HAISANAK	abvd	STAR	abvd_130_star_63
haisanat	haisanat	HAISANAT	abvd	STAR	abvd_130_star_63
hak	hak	HAK	abvd	COLD	-
haka-utu	hakautu	HAKAUTU	abvd	LIGHTNING	-
haletsio	haletsio	HALETSIO	abvd	MOUTH	-
halim	halim	HALIM	abvd	FRUIT	-
halu	halu	HALU	abvd	BELLY	-
hamhom	hamhom	HAMHOM	abvd	CLOUD	-
hanan-toma	hanantoma	HANANTOMA	abvd	NAME	abvd_63_name_1
hanean	hanean	HANEAN	abvd	BREAST	-
hanina	hanina	HANINA	abvd	EAR	abvd_43_ear_1
hao	hao	HAO	abvd	FIRE	abvd_143_fire_1
hapak	hapak	HAPAK	abvd	HAND	-
hapui	hapui	HAPUI	abvd	FIRE	abvd_143_fire_1
hapunek	hapunek	HAPUNEK	abvd	FIRE	abvd_143_fire_1
hapápat	happat	HAPPAT	abvd	SHORT	abvd_154_short_85
harina	harina	HARINA	abvd	EAR	abvd_43_ear_1
hasap	hasap	HASAP	abvd	FIVE	abvd_201_five_2
hau	hau	HAU	abvd	FIRE	abvd_143_fire_1
hauinu	hauinu	HAUINU	abvd	BACK	-
he	he	HE	abvd	FLESH OR MEAT	abvd_103_meatflesh_1?
hema	hema	HEMA	abvd	FAT (ORGANIC SUBSTANCE)	abvd_104_fatgrease_2
hemō	hem	HEM	abvd	GRASS	-
henā	hen	HEN	abvd	I	abvd_182_i_15
heres	heres	HERES	abvd	PAINFUL OR SICK	abvd_160_painfulsick_91
hesanas	hesanas	HESANAS	abvd	STAR	abvd_130_star_63
heta	heta	HETA	abvd	MOON	-
hibin	hibin	HIBIN	abvd	SNAKE	abvd_106_snake_4
hibir	hibir	HIBIR	abvd	SNAKE	abvd_106_snake_4
hogo	hogo	HOGO	abvd	GRASS	abvd_118_grass_73
huane	huane	HUANE	abvd	SEA	-
huing	huing	HUING	abvd	DOG	-
huma	huma	HUMA	abvd	TONGUE	abvd_32_tongue_1
humakai	humakai	HUMAKAI	abvd	WALK	-
hunu	hunu	HUNU	abvd	HEAD	abvd_24_head_34
hunō	hun	HUN	abvd	HEAD	abvd_24_head_34
huran u geyarin	huranugeyarin	HURANUGEUARIN	abvd	CHILD	abvd_56_child_65
hutas	hutas	HUTAS	abvd	RAIN (PRECIPITATION)	abvd_133_rain_1
hutat	hutat	HUTAT	abvd	RAIN (PRECIPITATION)	abvd_133_rain_1
hánu	hnu	HNU	abvd	NOSE	abvd_27_nose_82
hāvak	hvak	HBAK	abvd	BACK	-
hāvao	hvao	HBAO	abvd	SHOULDER	abvd_19_shoulder_1?
hāvā	hv	HB	abvd	SHOULDER	abvd_19_shoulder_1?
hōrotsu	hrotsu	HROTSU	abvd	HEAD	-
hūtas	htas	HTAS	abvd	RAIN (PRECIPITATION)	abvd_133_rain_1
hūwai	hwai	HWAI	abvd	SAY	abvd_64_tosay_138
i-tat-sek	itatsek	ITATSEK	abvd	MOON	-
ian	ian	IAN	abvd	SIT	abvd_51_tosit_132
ibien	ibien	IBIEN	abvd	SNAKE	abvd_106_snake_4
icho	icho	IKHO	abvd	HE OR SHE	abvd_184_heshe_28
idar	idar	IDAR	abvd	MOON	abvd_129_moon_51
idas	idas	IDAS	abvd	MOON	abvd_129_moon_2
idass	idass	IDASS	abvd	MOON	abvd_129_moon_2
ijo	ijo	IYO	abvd	THOU	abvd_183_thou_23
ijonoë	ijono	IYONO	abvd	THOU	abvd_183_thou_23
ikkil	ikkil	IKKIL	abvd	FEAR (BE AFRAID)	abvd_22_tofear_42
ilun	ilun	ILUN	abvd	HOUSE	abvd_61_house_21
ima	ima	IMA	abvd	YOU	abvd_186_you_1
ima lalu so	imalaluso	IMALALUSO	abvd	WHO	-
imo	imo	IMO	abvd	YOU	abvd_186_you_1
imoa	imoa	IMOA	abvd	YOU	abvd_186_you_1
imoch	imoch	IMOKH	abvd	GRASS	abvd_118_grass_71
imogh	imogh	IMOGH	abvd	GRASS	abvd_118_grass_71
imonoë	imono	IMONO	abvd	YOU	abvd_186_you_1
imu	imu	IMU	abvd	HOUSE	abvd_61_house_59
imulek	imulek	IMULEK	abvd	HEAVY	-
ina	ina	INA	abvd	I	abvd_182_i_15
ina mahina niu	inamahinaniu	INAMAHINANIU	abvd	WHERE	abvd_181_where_1
ina pitan	inapitan	INAPITAN	abvd	WHERE	abvd_181_where_1
inalu	inalu	INALU	abvd	LONG	abvd_155_long_1
inan	inan	INAN	abvd	STICK	-
indema	indema	INDEMA	abvd	WHO	-
ini-tatuhe	initatuhe	INITATUHE	abvd	NEAR	-
inni	inni	INNI	abvd	AT	-
innā	inn	INN	abvd	MOTHER	abvd_59_mother_1
inu	inu	INU	abvd	WHERE	abvd_181_where_1
inzini	inzini	INSINI	abvd	THIS	abvd_177_this_1
ioa	ioa	IOA	abvd	YOU	abvd_186_you_27
ippin	ippin	IPPIN	abvd	SNAKE	abvd_106_snake_4
isu	isu	ISU	abvd	THOU	abvd_183_thou_1
isutin	isutin	ISUTIN	abvd	SHORT	-
itahha	itahha	ITAHHA	abvd	BLOOD	abvd_23_blood_1
ito	ito	ITO	abvd	SEVEN	abvd_203_seven_1
ivui tsauni	ivuitsauni	IBUITSAUNI	abvd	COME	-
ivuima keleta	ivuimakeleta	IBUIMAKELETA	abvd	SAY	-
iyedol	iyedol	IUEDOL	abvd	MOON	abvd_129_moon_51
iyejiun	iyejiun	IUEYIUN	abvd	TOOTH	abvd_31_tooth_38
iyeteyed	iyeteyed	IUETEUED	abvd	BELLY	abvd_14_belly_71
iyevārī	iyevr	IUEBR	abvd	WIND	abvd_136_wind_2
iyezal	iyezal	IUESAL	abvd	MOON	abvd_129_moon_51
iyū	iy	IU	abvd	THOU	abvd_183_thou_23
izon	izon	ISON	abvd	HOUSE	abvd_61_house_21
jijim	jijim	YIYIM	abvd	CHILD	abvd_56_child_35
jikugeyarin	jikugeyarin	YIKUGEUARIN	abvd	CHILD	abvd_56_child_65
jim	jim	YIM	abvd	CHILD	abvd_56_child_35
jim kuchi	jimkuchi	YIMKUKHI	abvd	MALE PERSON	abvd_54_manmale_63
jim sini	jimsini	YIMSINI	abvd	FEMALE PERSON	abvd_55_womanfemale_70
jin	jin	YIN	abvd	TOOTH	abvd_31_tooth_7
jiun	jiun	YIUN	abvd	TOOTH	abvd_31_tooth_38
jiwun	jiwun	YIWUN	abvd	TOOTH	abvd_31_tooth_38
joa	joa	YOA	abvd	THOU	abvd_183_thou_23
jīwan	jwan	YWAN	abvd	TOOTH	abvd_31_tooth_38
ka	ka	KA	abvd	AT	abvd_173_at_9
ka-ina	kaina	KAINA	abvd	I	abvd_182_i_15
ka-mai	kamai	KAMAI	abvd	COME	abvd_7_tocome_1
ka-minai	kaminai	KAMINAI	abvd	COME	abvd_7_tocome_1
kadzies	kadzies	KADSIES	abvd	RAT	abvd_102_rat_68
kadzys	kadzys	KADSUS	abvd	RAT	abvd_102_rat_68
kago	kago	KAGO	abvd	RAT	abvd_102_rat_69
kagox	kagox	KAGOK	abvd	RAT	abvd_102_rat_69
kai	kai	KAI	abvd	FOOT OR LEG	abvd_4_legfoot_1
kaidin	kaidin	KAIDIN	abvd	SEE	abvd_46_tosee_52
kaikami	kaikami	KAIKAMI	abvd	SEE	-
kairi	kairi	KAIRI	abvd	LEFT	abvd_2_left_1
kaisanan	kaisanan	KAISANAN	abvd	STAR	abvd_130_star_63
kakan	kakan	KAKAN	abvd	RED	abvd_149_red_86
kakusiutsi	kakusiutsi	KAKUSIUTSI	abvd	BREAST	-
kala	kala	KALA	abvd	GOOD	abvd_164_good_102
kallamas	kallamas	KALLAMAS	abvd	RIGHT	abvd_3_right_35
kamarach	kamarach	KAMARAKH	abvd	SAY	-
kanek	kanek	KANEK	abvd	EAT	abvd_37_toeat_1?
kanlin	kanlin	KANLIN	abvd	HEAR	-
kapan	kapan	KAPAN	abvd	LIVER	abvd_17_liver_48
kapokpok	kapokpok	KAPOKPOK	abvd	EAR	abvd_43_ear_33
kara	kara	KARA	abvd	GOOD	abvd_164_good_102
kasaddan	kasaddan	KASADDAN	abvd	STAR	abvd_130_star_63
kasat	kasat	KASAT	abvd	FIVE	abvd_201_five_2
kassap	kassap	KASSAP	abvd	FIVE	abvd_201_five_2
katochen	katochen	KATOKHEN	abvd	COUNT	-
kaule	kaule	KAULE	abvd	RAT	-
kava	kava	KABA	abvd	HAND	abvd_1_hand_2
kavule	kavule	KABULE	abvd	ASH	-
kavā	kav	KAB	abvd	SHOULDER	abvd_19_shoulder_1?
kaya	kaya	KAUA	abvd	MOTHER	abvd_59_mother_2?
kayenni	kayenni	KAUENNI	abvd	NO OR NOT	abvd_195_nonot_3
kaā	ka	KA	abvd	SKY	-
kengalek	kengalek	KENGALEK	abvd	SHOULDER	-
ki-or	kior	KIOR	abvd	TAIL	abvd_105_tail_1
kier	kier	KIER	abvd	TAIL	abvd_105_tail_1
kikul	kikul	KIKUL	abvd	TAIL	abvd_105_tail_1
kilal	kilal	KILAL	abvd	WORM	abvd_107_wormearthworm_62
kipman	kipman	KIPMAN	abvd	GRASS	-
kmapapat	kmapapat	KMAPAPAT	abvd	WALK	abvd_5_towalk_92
ko	ko	KO	abvd	NO OR NOT	abvd_195_nonot_96
ko-ai	koai	KOAI	abvd	NO OR NOT	abvd_195_nonot_96
koa	koa	KOA	abvd	NO OR NOT	abvd_195_nonot_96
kukui	kukui	KUKUI	abvd	FOOT OR LEG	-
kukuni	kukuni	KUKUNI	abvd	SMALL	abvd_152_small_101
kuli	kuli	KULI	abvd	SNAKE	-
kumita	kumita	KUMITA	abvd	SEE	abvd_46_tosee_1
kummasa	kummasa	KUMMASA	abvd	DREAM (SOMETHING)	abvd_50_todream_47
kummogh	kummogh	KUMMOGH	abvd	FASTEN	abvd_66_totieupfasten_101
kumrár	kumrr	KUMRR	abvd	OPEN	-
kune	kune	KUNE	abvd	SMALL	abvd_152_small_101
kunu	kunu	KUNU	abvd	NOSE	abvd_27_nose_82
kurri	kurri	KURRI	abvd	BIRD	abvd_97_bird_40
kusa	kusa	KUSA	abvd	WATER	-
kutan	kutan	KUTAN	abvd	KILL	-
kutu	kutu	KUTU	abvd	ONE	-
kutu kauhut	kutukauhut	KUTUKAUHUT	abvd	HUNDRED	-
kuwi	kuwi	KUWI	abvd	MOSQUITO	-
kuyin	kuyin	KUUIN	abvd	I	abvd_182_i_1
kágoh	kgoh	KGOH	abvd	RAT	abvd_102_rat_69
kála	kla	KLA	abvd	GOOD	abvd_164_good_102
kásap	ksap	KSAP	abvd	FIVE	abvd_201_five_2
kākan	kkan	KKAN	abvd	RED	abvd_149_red_86
kāpan	kpan	KPAN	abvd	BREAST	abvd_18_breast_51
kāra	kra	KRA	abvd	GOOD	abvd_164_good_102
kāram	kram	KRAM	abvd	GOOD	abvd_164_good_102
kōle	kle	KLE	abvd	FISH	-
kūne	kne	KNE	abvd	SMALL	abvd_152_small_101
kūres	kres	KRES	abvd	BIRD	abvd_97_bird_40
kūtarimā	ktarim	KTARIM	abvd	THUNDER	abvd_134_thunder_79
labies	labies	LABIES	abvd	TOOTH	abvd_31_tooth_46
lahoan	lahoan	LAHOAN	abvd	BIG	-
lalak	lalak	LALAK	abvd	LAUGH	abvd_33_tolaugh_89
lalan	lalan	LALAN	abvd	EGG	abvd_98_egg_54
lalka	lalka	LALKA	abvd	LIGHTNING	abvd_135_lightning_67
lallum	lallum	LALLUM	abvd	IN	abvd_174_ininside_1
lalu	lalu	LALU	abvd	NAME	abvd_63_name_2?
lampui	lampui	LAMPUI	abvd	TEN	-
lanek	lanek	LANEK	abvd	PATH OR ROAD	-
lapat	lapat	LAPAT	abvd	FOUR	abvd_200_four_1
las	las	LAS	abvd	TONGUE	-
laugwat	laugwat	LAUGWAT	abvd	FOOT OR LEG	abvd_4_legfoot_76
laumu	laumu	LAUMU	abvd	BLOOD	-
lauwat	lauwat	LAUWAT	abvd	FOOT OR LEG	abvd_4_legfoot_76
lauwe	lauwe	LAUWE	abvd	EYE	-
lepat	lepat	LEPAT	abvd	FOUR	abvd_200_four_1
lima	lima	LIMA	abvd	HAND	abvd_1_hand_1
limidok	limidok	LIMIDOK	abvd	SUCK	abvd_42_tosuck_48
linamu	linamu	LINAMU	abvd	THATCH OR ROOF	-
lon	lon	LON	abvd	HOUSE	abvd_61_house_21
lumka	lumka	LUMKA	abvd	LIGHTNING	-
lumlum	lumlum	LUMLUM	abvd	STAR	-
lummiolis	lummiolis	LUMMIOLIS	abvd	HUNT	-
lummobo	lummobo	LUMMOBO	abvd	STEAL	abvd_73_tosteal_43
lun	lun	LUN	abvd	HOUSE	abvd_61_house_21
lupat	lupat	LUPAT	abvd	FOUR	abvd_200_four_1
lusa	lusa	LUSA	abvd	TWO	abvd_198_two_1?
lálek	llek	LLEK	abvd	SALT	abvd_125_salt_40
ma-a-babosa	maababosa	MAABABOSA	abvd	OLD	abvd_162_old_108
ma-a-sumak	maasumak	MAASUMAK	abvd	COLD	abvd_139_cold_91
ma-aosi	maaosi	MAAOSI	abvd	WHITE	abvd_148_white_1
ma-asini	maasini	MAASINI	abvd	OLD	-
ma-asob	maasob	MAASOB	abvd	YAWN	abvd_47_toyawn_19
ma-asoso	maasoso	MAASOSO	abvd	LONG	abvd_155_long_80
ma-aspat	maaspat	MAASPAT	abvd	EIGHT	abvd_204_eight_1
ma-aspe	maaspe	MAASPE	abvd	WET	abvd_141_wet_84
ma-ausi	maausi	MAAUSI	abvd	WHITE	abvd_148_white_1
ma-babosa	mababosa	MABABOSA	abvd	OLD	abvd_162_old_108
ma-bachas	mabachas	MABAKHAS	abvd	DRY	abvd_140_dry_96
ma-barri	mabarri	MABARRI	abvd	BLOW (OF WIND)	-
ma-bocho	mabocho	MABOKHO	abvd	ROTTEN	abvd_112_rotten_89
ma-bonna	mabonna	MABONNA	abvd	HUNT	abvd_69_tohunt_72
ma-e-ich	maeich	MAEIKH	abvd	NARROW	abvd_158_narrow_59
ma-i-ied	maiied	MAIIED	abvd	THIN	abvd_156_thin_42
ma-ki-kied	makikied	MAKIKIED	abvd	THIN	abvd_156_thin_42
ma-orum	maorum	MAORUM	abvd	BLACK	abvd_147_black_1
ma-osum	maosum	MAOSUM	abvd	BLACK	abvd_147_black_1
ma-pappa	mapappa	MAPAPPA	abvd	SHORT	abvd_154_short_85
maari	maari	MAARI	abvd	WIND	abvd_136_wind_2
maaru	maaru	MAARU	abvd	COLD	abvd_139_cold_92
maasa	maasa	MAASA	abvd	EYE	abvd_45_eye_1
maaspat	maaspat	MAASPAT	abvd	EIGHT	abvd_204_eight_1
maavi	maavi	MAABI	abvd	SLEEP	abvd_48_tosleep_2
mab-o	mabo	MABO	abvd	ROTTEN	abvd_112_rotten_89
maba	maba	MABA	abvd	KNOW (SOMETHING)	abvd_20_toknowbeknowledgeable_44
mababat	mababat	MABABAT	abvd	WALK	abvd_5_towalk_92
mababosa	mababosa	MABABOSA	abvd	OLD	abvd_162_old_108
mabad	mabad	MABAD	abvd	FLOW	-
mabada taran	mabadataran	MABADATARAN	abvd	WALK	abvd_5_towalk_93
mabari	mabari	MABARI	abvd	WIND	abvd_136_wind_2
mabart	mabart	MABART	abvd	FLY (MOVE THROUGH AIR)	-
mabas	mabas	MABAS	abvd	DRY	abvd_140_dry_96
mabat	mabat	MABAT	abvd	WALK	abvd_5_towalk_93
mabido	mabido	MABIDO	abvd	BLACK	abvd_147_black_73
mabocho	mabocho	MABOKHO	abvd	ROTTEN	abvd_112_rotten_89
mabukkas	mabukkas	MABUKKAS	abvd	WHITE	abvd_148_white_85
mabut	mabut	MABUT	abvd	FOOT OR LEG	-
macha	macha	MAKHA	abvd	EYE	abvd_45_eye_1
machaddak	machaddak	MAKHADDAK	abvd	NEAR	abvd_179_near_86
macharrieb	macharrieb	MAKHARRIEB	abvd	HIDE	-
machá	mach	MAKH	abvd	EYE	abvd_45_eye_1
macháddik	machddik	MAKHDDIK	abvd	NEAR	abvd_179_near_86
machó	mach	MAKH	abvd	SAY	abvd_64_tosay_135
madaish	madaish	MADAISH	abvd	PAINFUL OR SICK	abvd_160_painfulsick_87
madereh	madereh	MADEREH	abvd	DREAM (SOMETHING)	abvd_50_todream_49
madich	madich	MADIKH	abvd	PAINFUL OR SICK	abvd_160_painfulsick_1
mado	mado	MADO	abvd	COOK (SOMETHING)	abvd_39_tocook_29
magcha	magcha	MAGKHA	abvd	EYE	abvd_45_eye_1
magcho	magcho	MAGKHO	abvd	SAY	abvd_64_tosay_135
magga	magga	MAGGA	abvd	THROW	abvd_94_tothrow_83
maggaat	maggaat	MAGGAAT	abvd	SHARP	abvd_81_sharp_65
maggo	maggo	MAGGO	abvd	THROW	abvd_94_tothrow_83
magkach	magkach	MAGKAKH	abvd	BITE	abvd_41_tobite_67
magkagh	magkagh	MAGKAGH	abvd	BITE	abvd_41_tobite_67
maha	maha	MAHA	abvd	EYE	abvd_45_eye_1
mahaha	mahaha	MAHAHA	abvd	EYE	abvd_45_eye_1
mahali	mahali	MAHALI	abvd	FEMALE PERSON	abvd_55_womanfemale_63
mahalipat	mahalipat	MAHALIPAT	abvd	EIGHT	abvd_204_eight_1
mahalpat	mahalpat	MAHALPAT	abvd	EIGHT	abvd_204_eight_1
mahare	mahare	MAHARE	abvd	FEMALE PERSON	abvd_55_womanfemale_63
mahari	mahari	MAHARI	abvd	FEMALE PERSON	abvd_55_womanfemale_63
maharī	mahar	MAHAR	abvd	FEMALE PERSON	abvd_55_womanfemale_63
mahhā	mahh	MAHH	abvd	BE DEAD OR DIE	abvd_75_todiebedead_1
mahoke	mahoke	MAHOKE	abvd	BE DEAD OR DIE	-
maholi	maholi	MAHOLI	abvd	FEMALE PERSON	abvd_55_womanfemale_63
mahāre	mahre	MAHRE	abvd	BE DEAD OR DIE	abvd_75_todiebedead_1
mai	mai	MAI	abvd	COME	abvd_7_tocome_1
maimoch-a-ta	maimochata	MAIMOKHATA	abvd	FOREST	-
maini	maini	MAINI	abvd	NO OR NOT	abvd_195_nonot_3
mais	mais	MAIS	abvd	LAUGH	abvd_33_tolaugh_39
maitsi	maitsi	MAITSI	abvd	NEAR	abvd_179_near_87
maizi	maizi	MAISI	abvd	NEAR	abvd_179_near_87
majed	majed	MAYED	abvd	SMALL	-
makaipat	makaipat	MAKAIPAT	abvd	EIGHT	abvd_204_eight_1
makakan	makakan	MAKAKAN	abvd	RED	abvd_149_red_86
makakas	makakas	MAKAKAS	abvd	RED	abvd_149_red_86
makapat	makapat	MAKAPAT	abvd	EIGHT	abvd_204_eight_1
makaípat	makapat	MAKAPAT	abvd	EIGHT	abvd_204_eight_1
makači	makai	MAKAI	abvd	FISH	abvd_111_fish_75
maki	maki	MAKI	abvd	COME	abvd_7_tocome_51
makied	makied	MAKIED	abvd	THIN	abvd_156_thin_42
makkeshap	makkeshap	MAKKESHAP	abvd	CORRECT (RIGHT)	-
makkisu	makkisu	MAKKISU	abvd	CHILD	abvd_56_child_66
makos	makos	MAKOS	abvd	SCRATCH	abvd_77_toscratch_27
makosum	makosum	MAKOSUM	abvd	BLACK	abvd_147_black_1
maksha	maksha	MAKSHA	abvd	LAUGH	abvd_33_tolaugh_2
makē	mak	MAK	abvd	COME	abvd_7_tocome_51
malabax	malabax	MALABAK	abvd	YELLOW	-
malak	malak	MALAK	abvd	LAUGH	abvd_33_tolaugh_89
malareh	malareh	MALAREH	abvd	DREAM (SOMETHING)	abvd_50_todream_49
malax	malax	MALAK	abvd	LAUGH	abvd_33_tolaugh_89
maliku	maliku	MALIKU	abvd	MALE PERSON	abvd_54_manmale_30
malinau	malinau	MALINAU	abvd	BE DEAD OR DIE	abvd_75_todiebedead_33
maliu	maliu	MALIU	abvd	GOOD	abvd_164_good_101
malo	malo	MALO	abvd	DOG	abvd_96_dog_9
malok	malok	MALOK	abvd	DOG	abvd_96_dog_9
malu	malu	MALU	abvd	DOG	abvd_96_dog_9
mamali	mamali	MAMALI	abvd	FEMALE PERSON	abvd_55_womanfemale_63
mampa	mampa	MAMPA	abvd	BIRD	abvd_97_bird_31
man	man	MAN	abvd	EAT	abvd_37_toeat_1
man o	mano	MANO	abvd	DRINK	abvd_40_todrink_17
man'atu	manatu	MANATU	abvd	FIRE	-
mananas	mananas	MANANAS	abvd	BAD OR EVIL	abvd_165_badevil_78
mangha	mangha	MANGHA	abvd	EYE	abvd_45_eye_1
maninau	maninau	MANINAU	abvd	BE DEAD OR DIE	abvd_75_todiebedead_33
manna-achpil a tschiet-eis	mannaachpilatschieteis	MANNAAKHPILATSKHIETEIS	abvd	THOUSAND	abvd_210_onethousand_38
manna-achpil a tsjiet-eis	mannaachpilatsjieteis	MANNAAKHPILATSYIETEIS	abvd	THOUSAND	abvd_210_onethousand_38
mantaliu	mantaliu	MANTALIU	abvd	FAR	abvd_180_far_58
mantan	mantan	MANTAN	abvd	NIGHT	-
manu	manu	MANU	abvd	EAT	abvd_37_toeat_1?
manyek	manyek	MANUEK	abvd	EAT	abvd_37_toeat_1?
manānus	mannus	MANNUS	abvd	BAD OR EVIL	abvd_165_badevil_78
mao	mao	MAO	abvd	FATHER	abvd_60_father_16
maodum	maodum	MAODUM	abvd	NIGHT	-
maoka	maoka	MAOKA	abvd	LAUGH	-
maolang	maolang	MAOLANG	abvd	BLACK	-
maova	maova	MAOBA	abvd	WHITE	abvd_148_white_87
maowa kaningwan	maowakaningwan	MAOWAKANINGWAN	abvd	WHEN	-
mapapah	mapapah	MAPAPAH	abvd	BIRD	abvd_97_bird_34
mapappa	mapappa	MAPAPPA	abvd	SHORT	abvd_154_short_85
mapatus	mapatus	MAPATUS	abvd	SHOOT	abvd_70_toshoot_24
mapor	mapor	MAPOR	abvd	CHEW	-
mapusan	mapusan	MAPUSAN	abvd	TWENTY	abvd_207_twenty_1
mapuxu	mapuxu	MAPUKU	abvd	DIRTY	-
maqa	maqa	MAKA	abvd	BE DEAD OR DIE	abvd_75_todiebedead_1
maraghragh	maraghragh	MARAGHRAGH	abvd	THICK	abvd_157_thick_55
marah	marah	MARAH	abvd	LAUGH	abvd_33_tolaugh_89
marais	marais	MARAIS	abvd	PAINFUL OR SICK	abvd_160_painfulsick_87
maram	maram	MARAM	abvd	SKIN	-
marenao	marenao	MARENAO	abvd	BE DEAD OR DIE	abvd_75_todiebedead_33
mares	mares	MARES	abvd	PAINFUL OR SICK	abvd_160_painfulsick_87
mari	mari	MARI	abvd	FEMALE PERSON	abvd_55_womanfemale_63
maribaribat	maribaribat	MARIBARIBAT	abvd	HUNT	abvd_69_tohunt_73
marinao	marinao	MARINAO	abvd	BE DEAD OR DIE	abvd_75_todiebedead_33
marinou	marinou	MARINOU	abvd	BE DEAD OR DIE	abvd_75_todiebedead_33
mario	mario	MARIO	abvd	GOOD	abvd_164_good_101
mariu	mariu	MARIU	abvd	GOOD	abvd_164_good_101
maro	maro	MARO	abvd	FAR	abvd_180_far_58
marok	marok	MAROK	abvd	DOG	abvd_96_dog_9
marom	marom	MAROM	abvd	YELLOW	abvd_150_yellow_65
maromorromo	maromorromo	MAROMORROMO	abvd	SMALL	-
maron	maron	MARON	abvd	YELLOW	abvd_150_yellow_65
marox	marox	MAROK	abvd	DOG	abvd_96_dog_9
marrapes	marrapes	MARRAPES	abvd	BAD OR EVIL	abvd_165_badevil_75
marro	marro	MARRO	abvd	FAR	abvd_180_far_58
marruan	marruan	MARRUAN	abvd	BLACK	abvd_147_black_72
marīkyah	markyah	MARKUAH	abvd	DREAM (SOMETHING)	abvd_50_todream_49
masa	masa	MASA	abvd	EYE	abvd_45_eye_1
masanah	masanah	MASANAH	abvd	NIGHT	-
maseas	maseas	MASEAS	abvd	STAND	abvd_52_tostand_80
masha	masha	MASHA	abvd	LAUGH	abvd_33_tolaugh_2
masham	masham	MASHAM	abvd	OLD	-
masich	masich	MASIKH	abvd	PAINFUL OR SICK	abvd_160_painfulsick_1
masigi	masigi	MASIGI	abvd	PAINFUL OR SICK	abvd_160_painfulsick_1
masini	masini	MASINI	abvd	HEAR	abvd_44_tohear_22
masisi	masisi	MASISI	abvd	COLD	abvd_139_cold_98
masitum	masitum	MASITUM	abvd	SHARP	abvd_81_sharp_1
masmak	masmak	MASMAK	abvd	COLD	abvd_139_cold_91
masoab ja ranied	masoabjaranied	MASOABYARANIED	abvd	YAWN	abvd_47_toyawn_19
maspe	maspe	MASPE	abvd	WET	abvd_141_wet_84
masumah	masumah	MASUMAH	abvd	COLD	abvd_139_cold_91
masumak	masumak	MASUMAK	abvd	COLD	abvd_139_cold_91
mat'ao	matao	MATAO	abvd	SIT	abvd_51_tosit_80
mata	mata	MATA	abvd	HEAD	-
mata-och	mataoch	MATAOKH	abvd	HEAVY	abvd_142_heavy_59
matacha	matacha	MATAKHA	abvd	GREEN	abvd_151_green_1
matadach	matadach	MATADAKH	abvd	WARM	abvd_138_warm_88
matakan	matakan	MATAKAN	abvd	MALE PERSON	abvd_54_manmale_79
matana	matana	MATANA	abvd	RED	abvd_149_red_2?
mataoch	mataoch	MATAOKH	abvd	HEAVY	abvd_142_heavy_59
matarromatto	matarromatto	MATARROMATTO	abvd	DREAM (SOMETHING)	-
mataso	mataso	MATASO	abvd	GOOD	-
matatto	matatto	MATATTO	abvd	BELOW OR UNDER	-
mate	mate	MATE	abvd	PAINFUL OR SICK	abvd_160_painfulsick_1
matek	matek	MATEK	abvd	PAINFUL OR SICK	abvd_160_painfulsick_1
matikan	matikan	MATIKAN	abvd	MALE PERSON	abvd_54_manmale_79
matiobus	matiobus	MATIOBUS	abvd	LAUGH	-
matitauka	matitauka	MATITAUKA	abvd	SAY	abvd_64_tosay_139
matitaukat	matitaukat	MATITAUKAT	abvd	SAY	abvd_64_tosay_139
mato	mato	MATO	abvd	BIG	abvd_153_big_80
matoa	matoa	MATOA	abvd	BIG	abvd_153_big_80
matok	matok	MATOK	abvd	DOG	abvd_96_dog_9
matooru-niu	matooruniu	MATOORUNIU	abvd	YOU	abvd_186_you_17
matorro	matorro	MATORRO	abvd	SLEEP	abvd_48_tosleep_1
matoto	matoto	MATOTO	abvd	BIG	abvd_153_big_80
matotoa	matotoa	MATOTOA	abvd	CHILD	-
matsilo	matsilo	MATSILO	abvd	LONG	abvd_155_long_81
mattao	mattao	MATTAO	abvd	HEAVY	abvd_142_heavy_59
mattaro	mattaro	MATTARO	abvd	RAT	-
mattákan	mattkan	MATTKAN	abvd	MALE PERSON	abvd_54_manmale_79
matu	matu	MATU	abvd	DOG	abvd_96_dog_1
matukat	matukat	MATUKAT	abvd	BE DEAD OR DIE	-
maturu	maturu	MATURU	abvd	YOU	abvd_186_you_17
matél	matl	MATL	abvd	BAD OR EVIL	-
matěkěn	matkn	MATKN	abvd	MALE PERSON	abvd_54_manmale_79
matō	mat	MAT	abvd	DOG	abvd_96_dog_1
matəkən	matəkən	MATEKEN	abvd	MALE PERSON	abvd_54_manmale_79
mau	mau	MAU	abvd	FATHER	abvd_60_father_16
mauha	mauha	MAUHA	abvd	PAINFUL OR SICK	abvd_160_painfulsick_87
mause	mause	MAUSE	abvd	WHITE	abvd_148_white_1
mausi	mausi	MAUSI	abvd	WHITE	abvd_148_white_1
mautat	mautat	MAUTAT	abvd	RAIN (PRECIPITATION)	abvd_133_rain_1
mawa	mawa	MAWA	abvd	KNOW (SOMETHING)	abvd_20_toknowbeknowledgeable_104
maxa	maxa	MAKA	abvd	BE DEAD OR DIE	abvd_75_todiebedead_1
maxanit	maxanit	MAKANIT	abvd	FEMALE PERSON	abvd_55_womanfemale_63
maxe	maxe	MAKE	abvd	COME	abvd_7_tocome_51
maxesu	maxesu	MAKESU	abvd	CHILD	abvd_56_child_66
maxi	maxi	MAKI	abvd	COME	abvd_7_tocome_51
mazais	mazais	MASAIS	abvd	PAINFUL OR SICK	abvd_160_painfulsick_87
mazo	mazo	MASO	abvd	DOG	abvd_96_dog_9
mazok	mazok	MASOK	abvd	DOG	abvd_96_dog_9
mazta	mazta	MASTA	abvd	EYE	abvd_45_eye_1
mazók	mazk	MASK	abvd	DOG	abvd_96_dog_9
maāri	mari	MARI	abvd	FEMALE PERSON	abvd_55_womanfemale_63
mačili	maili	MAILI	abvd	KNOW (SOMETHING)	abvd_20_toknowbeknowledgeable_61
maʂini	maʂini	MASINI	abvd	HEAR	abvd_44_tohear_22
mbarri	mbarri	MBARRI	abvd	STAND	abvd_52_tostand_52
mbukkas	mbukkas	MBUKKAS	abvd	WHITE	abvd_148_white_85
mchab	mchab	MKHAB	abvd	STEAL	abvd_73_tosteal_1
mchach	mchach	MKHAKH	abvd	DREAM (SOMETHING)	abvd_50_todream_48
me'il	meil	MEIL	abvd	FEAR (BE AFRAID)	abvd_22_tofear_42
me-i	mei	MEI	abvd	FEAR (BE AFRAID)	abvd_22_tofear_42
me-ich	meich	MEIKH	abvd	NARROW	abvd_158_narrow_59
medamohan	medamohan	MEDAMOHAN	abvd	SEE	abvd_46_tosee_53
medate	medate	MEDATE	abvd	HEAR	-
medäs	meds	MEDS	abvd	PAINFUL OR SICK	abvd_160_painfulsick_87
mekach	mekach	MEKAKH	abvd	GREEN	abvd_151_green_68
merien	merien	MERIEN	abvd	WORK (ACTIVITY)	-
mero-os	meroos	MEROOS	abvd	SIT	abvd_51_tosit_130
meta	meta	META	abvd	SEE	abvd_46_tosee_1
mevuzom	mevuzom	MEBUSOM	abvd	SKY	abvd_128_sky_21
mi-alla	mialla	MIALLA	abvd	SEE	-
mi-bonna	mibonna	MIBONNA	abvd	HUNT	abvd_69_tohunt_72
miach	miach	MIAKH	abvd	DIRTY	abvd_10_dirty_40
miarar	miarar	MIARAR	abvd	DIRTY	abvd_10_dirty_47
mibo	mibo	MIBO	abvd	SMELL (PERCEIVE)	abvd_29_tosniffsmell_40
mibonna	mibonna	MIBONNA	abvd	HUNT	abvd_69_tohunt_72
micham	micham	MIKHAM	abvd	EAT	-
micho	micho	MIKHO	abvd	GOOD	-
midardar	midardar	MIDARDAR	abvd	NEAR	-
miham	miham	MIHAM	abvd	DRINK	abvd_40_todrink_11
mikat	mikat	MIKAT	abvd	WORK (ACTIVITY)	-
mikit	mikit	MIKIT	abvd	FEAR (BE AFRAID)	abvd_22_tofear_42
mikki	mikki	MIKKI	abvd	FEAR (BE AFRAID)	abvd_22_tofear_42
mikkil	mikkil	MIKKIL	abvd	FEAR (BE AFRAID)	abvd_22_tofear_42
mikod	mikod	MIKOD	abvd	SIT	abvd_51_tosit_134
milu-ut	miluut	MILUUT	abvd	COME	-
mini	mini	MINI	abvd	THIS	abvd_177_this_1
minuvo	minuvo	MINUBO	abvd	DRINK	abvd_40_todrink_40
minuwud	minuwud	MINUWUD	abvd	SIT	-
miog	miog	MIOG	abvd	FALL	abvd_95_tofall_5
mipies	mipies	MIPIES	abvd	CUT OR HACK	-
mirras	mirras	MIRRAS	abvd	CRY	abvd_34_tocry_73
misapiel	misapiel	MISAPIEL	abvd	SIT	abvd_51_tosit_135
mita	mita	MITA	abvd	SEE	abvd_46_tosee_1
mita-ita	mitaita	MITAITA	abvd	SEE	abvd_46_tosee_1
mito	mito	MITO	abvd	WATER	abvd_122_water_48
mitutu	mitutu	MITUTU	abvd	SEE	-
miuka	miuka	MIUKA	abvd	BUY	-
mixam	mixam	MIKAM	abvd	DRINK	abvd_40_todrink_11
miyena munahe niu	miyenamunaheniu	MIUENAMUNAHENIU	abvd	WHERE	abvd_181_where_1
miyena niu	miyenaniu	MIUENANIU	abvd	WHERE	abvd_181_where_1
mkach	mkach	MKAKH	abvd	YELLOW	abvd_150_yellow_66
mmais	mmais	MMAIS	abvd	LAUGH	abvd_33_tolaugh_39
moa	moa	MOA	abvd	COME	abvd_7_tocome_33
moas	moas	MOAS	abvd	WALK	abvd_5_towalk_101
mobarri	mobarri	MOBARRI	abvd	STAND	abvd_52_tostand_52
moeda	moeda	MOEDA	abvd	HOW	abvd_194_how_1
mohong	mohong	MOHONG	abvd	NOSE	abvd_27_nose_26
mokoan	mokoan	MOKOAN	abvd	SEE	abvd_46_tosee_53
montmhatu	montmhatu	MONTMHATU	abvd	DOG	abvd_96_dog_1
mopa	mopa	MOPA	abvd	FLY (MOVE THROUGH AIR)	abvd_101_tofly_73
morap	morap	MORAP	abvd	SLEEP	abvd_48_tosleep_50
morich	morich	MORIKH	abvd	GROW	-
morop	morop	MOROP	abvd	SLEEP	abvd_48_tosleep_50
morras	morras	MORRAS	abvd	WIDE	abvd_159_wide_58
morum	morum	MORUM	abvd	BLACK	abvd_147_black_1
mota	mota	MOTA	abvd	VOMIT	abvd_35_tovomit_1
motal	motal	MOTAL	abvd	RAIN (PRECIPITATION)	-
mpa	mpa	MPA	abvd	FLY (MOVE THROUGH AIR)	abvd_101_tofly_73
muhak	muhak	MUHAK	abvd	DREAM (SOMETHING)	abvd_50_todream_48
muhan	muhan	MUHAN	abvd	SEE	abvd_46_tosee_53
muhina niu	muhinaniu	MUHINANIU	abvd	WHERE	abvd_181_where_1
mukitadima	mukitadima	MUKITADIMA	abvd	THUNDER	abvd_134_thunder_79
mukkah	mukkah	MUKKAH	abvd	YELLOW	abvd_150_yellow_66
mulop	mulop	MULOP	abvd	SLEEP	abvd_48_tosleep_50
mumaisa kahovo	mumaisakahovo	MUMAISAKAHOBO	abvd	PAINFUL OR SICK	abvd_160_painfulsick_88
munun geirai	munungeirai	MUNUNGEIRAI	abvd	MOON	abvd_129_moon_50
mureno	mureno	MURENO	abvd	BE DEAD OR DIE	abvd_75_todiebedead_33
mutaba	mutaba	MUTABA	abvd	DRINK	abvd_40_todrink_47
mutakan	mutakan	MUTAKAN	abvd	MALE PERSON	abvd_54_manmale_79
mutubu	mutubu	MUTUBU	abvd	DRINK	abvd_40_todrink_46
mutvo	mutvo	MUTBO	abvd	DRINK	abvd_40_todrink_46
muxan	muxan	MUKAN	abvd	SEE	abvd_46_tosee_53
muxun	muxun	MUKUN	abvd	SEE	abvd_46_tosee_53
muxuán	muxun	MUKUN	abvd	SEE	abvd_46_tosee_53
muzok	muzok	MUSOK	abvd	SUCK	abvd_42_tosuck_48
màu	mu	MU	abvd	FATHER	abvd_60_father_16
mábat	mbat	MBAT	abvd	WALK	abvd_5_towalk_93
málok	mlok	MLOK	abvd	DOG	abvd_96_dog_9
múkwan	mkwan	MKWAN	abvd	SEE	abvd_46_tosee_53
múlim	mlim	MLIM	abvd	KILL	-
múlup	mlup	MLUP	abvd	SLEEP	abvd_48_tosleep_50
múxun	mxun	MKUN	abvd	SEE	abvd_46_tosee_53
mādu	mdu	MDU	abvd	DOG	abvd_96_dog_9
māo	mo	MO	abvd	FATHER	abvd_60_father_16
mārah	mrah	MRAH	abvd	LAUGH	abvd_33_tolaugh_89
māzah	mzah	MSAH	abvd	LAUGH	abvd_33_tolaugh_89
mōrap	mrap	MRAP	abvd	SLEEP	abvd_48_tosleep_50
mōrop	mrop	MROP	abvd	SLEEP	abvd_48_tosleep_50
mūrop	mrop	MROP	abvd	SLEEP	abvd_48_tosleep_50
mūrup	mrup	MRUP	abvd	SLEEP	abvd_48_tosleep_50
na-a	naa	NAA	abvd	I	abvd_182_i_15
na-ito	naito	NAITO	abvd	SEVEN	abvd_203_seven_1
na-torro-a	natorroa	NATORROA	abvd	THREE	abvd_199_three_1
naan	naan	NAAN	abvd	NAME	abvd_63_name_1
nachab	nachab	NAKHAB	abvd	FIVE	abvd_201_five_2
nachap	nachap	NAKHAP	abvd	FIVE	abvd_201_five_2
nadoa	nadoa	NADOA	abvd	TWO	abvd_198_two_1
nahip	nahip	NAHIP	abvd	SEVEN	-
nahup	nahup	NAHUP	abvd	THREE	abvd_199_three_9
nai	nai	NAI	abvd	MOTHER	abvd_59_mother_18
nainin	nainin	NAININ	abvd	FEMALE PERSON	abvd_55_womanfemale_99
naito	naito	NAITO	abvd	SEVEN	abvd_203_seven_1
nalas	nalas	NALAS	abvd	BAD OR EVIL	abvd_165_badevil_78
naman	naman	NAMAN	abvd	EAT	abvd_37_toeat_1
naman o	namano	NAMANO	abvd	DRINK	abvd_40_todrink_17
namo	namo	NAMO	abvd	WE	abvd_185_we_2
namoa	namoa	NAMOA	abvd	WE	abvd_185_we_2
namono	namono	NAMONO	abvd	WE	abvd_185_we_2
nanas	nanas	NANAS	abvd	EGG	abvd_98_egg_54
nane	nane	NANE	abvd	MOUTH	abvd_30_mouth_74
nani	nani	NANI	abvd	MOUTH	abvd_30_mouth_74
naniasinie	naniasinie	NANIASINIE	abvd	FEMALE PERSON	abvd_55_womanfemale_70
naniasyam	naniasyam	NANIASUAM	abvd	MALE PERSON	abvd_54_manmale_57
nanin	nanin	NANIN	abvd	MOUTH	abvd_30_mouth_74
nanu kahani	nanukahani	NANUKAHANI	abvd	WHAT	abvd_188_what_2
nanán	nann	NANN	abvd	EGG	abvd_98_egg_54
napat	napat	NAPAT	abvd	FOUR	abvd_200_four_1
naphu	naphu	NAPHU	abvd	THREE	abvd_199_three_9
napong	napong	NAPONG	abvd	HEAD	-
naroa	naroa	NAROA	abvd	TWO	abvd_198_two_1
naroa tsxiet	naroatsxiet	NAROATSKIET	abvd	TWENTY	abvd_207_twenty_20
naroá-tsihit	narotsihit	NAROTSIHIT	abvd	TWENTY	abvd_207_twenty_20
naroā	naro	NARO	abvd	TWO	abvd_198_two_1
narroa	narroa	NARROA	abvd	TWO	abvd_198_two_1
narroa-eis tschiet	narroaeistschiet	NARROAEISTSKHIET	abvd	FIFTY	-
naspaat	naspaat	NASPAAT	abvd	FOUR	abvd_200_four_1
naspat	naspat	NASPAT	abvd	FOUR	abvd_200_four_1
nasupa	nasupa	NASUPA	abvd	FOUR	abvd_200_four_1
nasupat	nasupat	NASUPAT	abvd	FOUR	abvd_200_four_1
nata	nata	NATA	abvd	ONE	abvd_197_one_1
nata palat	natapalat	NATAPALAT	abvd	HUNDRED	abvd_209_onehundred_28
nata xaxoan	nataxaxoan	NATAKAKOAN	abvd	THOUSAND	-
nata-para	natapara	NATAPARA	abvd	HUNDRED	abvd_209_onehundred_28
nataap	nataap	NATAAP	abvd	SIX	abvd_202_six_26
natap	natap	NATAP	abvd	EIGHT	abvd_204_eight_1
natapalat	natapalat	NATAPALAT	abvd	SIX	-
nataxaxoan	nataxaxoan	NATAKAKOAN	abvd	NINE	-
natool'ā	natool	NATOOL	abvd	THREE	abvd_199_three_1
natorroa	natorroa	NATORROA	abvd	THREE	abvd_199_three_1
natta	natta	NATTA	abvd	ONE	abvd_197_one_1
natu	natu	NATU	abvd	SEVEN	abvd_203_seven_1
natā	nat	NAT	abvd	ONE	abvd_197_one_1
nawash	nawash	NAWASH	abvd	BELLY	-
naxup	naxup	NAKUP	abvd	THREE	abvd_199_three_9
nehogo	nehogo	NEHOGO	abvd	GRASS	abvd_118_grass_73
nevudam	nevudam	NEBUDAM	abvd	SKY	abvd_128_sky_21
ngakoa	ngakoa	NGAKOA	abvd	MOUTH	-
nihogo	nihogo	NIHOGO	abvd	GRASS	abvd_118_grass_73
nima	nima	NIMA	abvd	HAND	abvd_1_hand_1
nini	nini	NINI	abvd	NOSE	-
nio	nio	NIO	abvd	THOU	abvd_183_thou_24
nipki maxe ya utat	nipkimaxeyautat	NIPKIMAKEUAUTAT	abvd	RAIN (PRECIPITATION)	abvd_133_rain_1
nisu	nisu	NISU	abvd	WE	-
niu	niu	NIU	abvd	THOU	abvd_183_thou_24
niya	niya	NIUA	abvd	THOU	abvd_183_thou_24
nnut	nnut	NNUT	abvd	NOSE	abvd_27_nose_38
nomosnos	nomosnos	NOMOSNOS	abvd	SMELL (PERCEIVE)	abvd_29_tosniffsmell_61
not	not	NOT	abvd	NOSE	abvd_27_nose_38
nu	nu	NU	abvd	NOSE	abvd_27_nose_78
nui	nui	NUI	abvd	NOSE	abvd_27_nose_78
numma	numma	NUMMA	abvd	WHAT	abvd_188_what_30
nuni	nuni	NUNI	abvd	EGG	-
nut	nut	NUT	abvd	NOSE	abvd_27_nose_38
nyo-ō	nyo	NUO	abvd	THOU	abvd_183_thou_24
nyuana	nyuana	NUUANA	abvd	WHEN	-
nādet	ndet	NDET	abvd	SALT	abvd_125_salt_40
nāhop	nhop	NHOP	abvd	FIVE	abvd_201_five_2
nāi	ni	NI	abvd	MOTHER	abvd_59_mother_18
nātap	ntap	NTAP	abvd	SEVEN	-
oa	oa	OA	abvd	THOU	abvd_183_thou_23
ocho	ocho	OKHO	abvd	LOUSE	abvd_108_louse_1
oda	oda	ODA	abvd	INTESTINES	abvd_16_intestines_32
oeno	oeno	OENO	abvd	HEAD	abvd_24_head_34
oetas	oetas	OETAS	abvd	RAIN (PRECIPITATION)	abvd_133_rain_1
olpan	olpan	OLPAN	abvd	SLEEP	-
omawax	omawax	OMAWAK	abvd	KNOW (SOMETHING)	-
ombarri	ombarri	OMBARRI	abvd	STAND	abvd_52_tostand_52
ombo	ombo	OMBO	abvd	THATCH OR ROOF	-
onad	onad	ONAD	abvd	FIRE	-
oot	oot	OOT	abvd	BONE	abvd_15_bone_20
orich	orich	ORIKH	abvd	BE ALIVE	abvd_76_tolivebealive_1
osi	osi	OSI	abvd	WHITE	abvd_148_white_1
outu	outu	OUTU	abvd	DOG	abvd_96_dog_1
p'u	pu	PU	abvd	FIRE	abvd_143_fire_1
pa	pa	PA	abvd	NO OR NOT	abvd_195_nonot_25
pa-masni	pamasni	PAMASNI	abvd	HEAR	abvd_44_tohear_22
pacha	pacha	PAKHA	abvd	KILL	abvd_74_tokill_2
padaga	padaga	PADAGA	abvd	SAY	abvd_64_tosay_137
padaganen	padaganen	PADAGANEN	abvd	SAY	abvd_64_tosay_137
padauxuwar	padauxuwar	PADAUKUWAR	abvd	SAY	-
paddat	paddat	PADDAT	abvd	CUT OR HACK	-
paicham	paicham	PAIKHAM	abvd	DRINK	abvd_40_todrink_11
paidax	paidax	PAIDAK	abvd	NIGHT	abvd_167_night_64
pairrah	pairrah	PAIRRAH	abvd	NIGHT	abvd_167_night_64
pakkol	pakkol	PAKKOL	abvd	DIG	-
pala	pala	PALA	abvd	SAY	abvd_64_tosay_134
palala	palala	PALALA	abvd	SAY	abvd_64_tosay_137
pamani	pamani	PAMANI	abvd	WHERE	-
pantun	pantun	PANTUN	abvd	COME	-
papah	papah	PAPAH	abvd	BIRD	abvd_97_bird_34
papak	papak	PAPAK	abvd	EAR	abvd_43_ear_33
papat	papat	PAPAT	abvd	SHORT	abvd_154_short_85
papax	papax	PAPAK	abvd	BIRD	abvd_97_bird_34
papyal	papyal	PAPUAL	abvd	SHOULDER	abvd_19_shoulder_28
papák	papk	PAPK	abvd	WING	abvd_100_wing_33
parahan	parahan	PARAHAN	abvd	FISH	-
parroa	parroa	PARROA	abvd	DIG	abvd_90_todig_47
parī	par	PAR	abvd	WIND	abvd_136_wind_2
paspe	paspe	PASPE	abvd	WET	abvd_141_wet_84
pasum	pasum	PASUM	abvd	SKY	abvd_128_sky_21
pat	pat	PAT	abvd	FOUR	abvd_200_four_1
patapa	patapa	PATAPA	abvd	FALL	abvd_95_tofall_93
patete	patete	PATETE	abvd	SAY	abvd_64_tosay_133
patippo	patippo	PATIPPO	abvd	SHOOT	abvd_70_toshoot_36
pattapa	pattapa	PATTAPA	abvd	FALL	abvd_95_tofall_93
pattipo	pattipo	PATTIPO	abvd	SHOOT	abvd_70_toshoot_36
pattite	pattite	PATTITE	abvd	SAY	abvd_64_tosay_133
pattodoch	pattodoch	PATTODOKH	abvd	BUY	abvd_91_tobuy_45
patu	patu	PATU	abvd	STONE	abvd_120_stone_1
patus	patus	PATUS	abvd	SHOOT	abvd_70_toshoot_24
patus baxa	patusbaxa	PATUSBAKA	abvd	HUNT	-
pauchar	pauchar	PAUKHAR	abvd	BREATHE	abvd_28_tobreathe_68
pausi	pausi	PAUSI	abvd	HIDE	abvd_171_tohide_1
payu-ts'ukule	payutsukule	PAUUTSUKULE	abvd	WE	-
pazaga	pazaga	PASAGA	abvd	SAY	abvd_64_tosay_137
petummo	petummo	PETUMMO	abvd	SPIT	abvd_36_tospit_23
pigian	pigian	PIGIAN	abvd	SIT	abvd_51_tosit_132
pijus	pijus	PIYUS	abvd	BELLY	abvd_14_belly_72
pila	pila	PILA	abvd	HIT	-
pilla	pilla	PILLA	abvd	SPLIT	abvd_80_tosplit_74
piop	piop	PIOP	abvd	BLOW (OF WIND)	abvd_137_toblow_1
pisbis	pisbis	PISBIS	abvd	SQUEEZE	-
pissir	pissir	PISSIR	abvd	SQUEEZE	-
pit-an	pitan	PITAN	abvd	SIT	abvd_51_tosit_132?
pito	pito	PITO	abvd	SEVEN	abvd_203_seven_1
pitu	pitu	PITU	abvd	SEVEN	abvd_203_seven_1
poch	poch	POKH	abvd	SHOOT	abvd_70_toshoot_35
poddik	poddik	PODDIK	abvd	SWELL	-
poddo	poddo	PODDO	abvd	COUNT	-
pokan	pokan	POKAN	abvd	BUY	abvd_91_tobuy_54
posi	posi	POSI	abvd	HIDE	abvd_171_tohide_1
poŋ	po	PO	abvd	TEN	-
puaka	puaka	PUAKA	abvd	BUY	abvd_91_tobuy_54
pugoyanan	pugoyanan	PUGOUANAN	abvd	SAY	-
punaha	punaha	PUNAHA	abvd	EYE	abvd_45_eye_25
punaxa	punaxa	PUNAKA	abvd	EYE	abvd_45_eye_25
pungan	pungan	PUNGAN	abvd	HEAR	-
punpun	punpun	PUNPUN	abvd	CLOUD	-
punu	punu	PUNU	abvd	HEAD	abvd_24_head_34
pusum	pusum	PUSUM	abvd	SKY	abvd_128_sky_21
put	put	PUT	abvd	MALE PERSON	abvd_54_manmale_65
pyu	pyu	PUU	abvd	BELLY	abvd_14_belly_72
pyus	pyus	PUUS	abvd	BELLY	abvd_14_belly_72
pyuwa	pyuwa	PUUWA	abvd	THUNDER	-
pápak	ppak	PPAK	abvd	WING	abvd_100_wing_33
páxan	pxan	PKAN	abvd	BACK	abvd_13_back_74
pígyan	pgyan	PGUAN	abvd	SIT	abvd_51_tosit_132
pārokut	prokut	PROKUT	abvd	HEAD	abvd_24_head_21
pāyu-tsukuli	pyutsukuli	PUUTSUKULI	abvd	ALL	-
pūto	pto	PTO	abvd	MALE PERSON	abvd_54_manmale_65
qua	qua	KUA	abvd	SMALL	abvd_152_small_98
raag	raag	RAAG	abvd	BRANCH	-
rab-ien	rabien	RABIEN	abvd	CHILD	-
rabbo	rabbo	RABBO	abvd	CLOUD	abvd_131_cloud_1
rabboe	rabboe	RABBOE	abvd	CLOUD	abvd_131_cloud_1
ramuiya	ramuiya	RAMUIUA	abvd	DAY (NOT NIGHT)	-
ramus	ramus	RAMUS	abvd	GRASS	abvd_118_grass_74
ramut	ramut	RAMUT	abvd	WE	abvd_185_we_41
ranied	ranied	RANIED	abvd	MOUTH	abvd_30_mouth_78
raos	raos	RAOS	abvd	TOOTH	abvd_31_tooth_23
rapies	rapies	RAPIES	abvd	BAD OR EVIL	abvd_165_badevil_75
rapo	rapo	RAPO	abvd	BELOW OR UNDER	-
raras	raras	RARAS	abvd	OLD	abvd_162_old_109
rarrikat	rarrikat	RARRIKAT	abvd	WATER	-
ratta	ratta	RATTA	abvd	HAIR	-
rawat	rawat	RAWAT	abvd	FOOT OR LEG	abvd_4_legfoot_76
ri	ri	RI	abvd	NECK	abvd_25_neck_1?
rida	rida	RIDA	abvd	MOUTH	-
rieb	rieb	RIEB	abvd	MOSQUITO	abvd_109_mosquito_79
ries	ries	RIES	abvd	MOSQUITO	abvd_109_mosquito_2
riima	riima	RIIMA	abvd	HAND	abvd_1_hand_1
rima	rima	RIMA	abvd	HAND	abvd_1_hand_1
rimā	rim	RIM	abvd	HAND	abvd_1_hand_1
rini	rini	RINI	abvd	EGG	abvd_98_egg_53
rio	rio	RIO	abvd	GOOD	abvd_164_good_101
ririm	ririm	RIRIM	abvd	CHILD	abvd_56_child_35
ro	ro	RO	abvd	FAR	abvd_180_far_58
ro-os	roos	ROOS	abvd	HUSBAND	abvd_57_husband_79
roa	roa	ROA	abvd	TWO	abvd_198_two_1
roa-a	roaa	ROAA	abvd	TWO	abvd_198_two_1
roman	roman	ROMAN	abvd	OTHER	abvd_190_other_1
romosnos	romosnos	ROMOSNOS	abvd	SMELL (PERCEIVE)	abvd_29_tosniffsmell_61
ron	ron	RON	abvd	HOUSE	abvd_61_house_21
roos	roos	ROOS	abvd	HUSBAND	abvd_57_husband_79
ropa	ropa	ROPA	abvd	SPIT	abvd_36_tospit_20
rrapī	rrap	RRAP	abvd	BAD OR EVIL	abvd_165_badevil_75
rres	rres	RRES	abvd	PAINFUL OR SICK	abvd_160_painfulsick_91
rri	rri	RRI	abvd	NECK	abvd_25_neck_1?
rua	rua	RUA	abvd	TWO	abvd_198_two_1
rua-taisī	ruatais	RUATAIS	abvd	TWENTY	abvd_207_twenty_20
rumbo	rumbo	RUMBO	abvd	POUND	-
rummaal	rummaal	RUMMAAL	abvd	SIT	-
rummies	rummies	RUMMIES	abvd	DAY (NOT NIGHT)	-
rummigo	rummigo	RUMMIGO	abvd	TURN	-
rummo	rummo	RUMMO	abvd	ALL	abvd_191_all_68
rummopa	rummopa	RUMMOPA	abvd	SPIT	abvd_36_tospit_20
ruā	ru	RU	abvd	TWO	abvd_198_two_1
ryul	ryul	RUUL	abvd	HE OR SHE	-
rāwat	rwat	RWAT	abvd	FOOT OR LEG	abvd_4_legfoot_76
sa-shemar	sashemar	SASHEMAR	abvd	FAT (ORGANIC SUBSTANCE)	abvd_104_fatgrease_2
sabanno	sabanno	SABANNO	abvd	WHEN	abvd_170_when_54
sabbacha	sabbacha	SABBAKHA	abvd	MOUTH	-
sahan	sahan	SAHAN	abvd	BREAST	-
sai	sai	SAI	abvd	COME	abvd_7_tocome_52
saia-utat	saiautat	SAIAUTAT	abvd	RAIN (PRECIPITATION)	abvd_133_rain_1
sain	sain	SAIN	abvd	TWO	-
saisanad	saisanad	SAISANAD	abvd	STAR	abvd_130_star_63
salina	salina	SALINA	abvd	EAR	abvd_43_ear_1
sanena	sanena	SANENA	abvd	EAR	abvd_43_ear_1
sanina	sanina	SANINA	abvd	EAR	abvd_43_ear_1
sanuf	sanuf	SANUP	abvd	PERSON	abvd_53_personhumanbeing_65
sanuhu	sanuhu	SANUHU	abvd	PERSON	abvd_53_personhumanbeing_65
sanuhut	sanuhut	SANUHUT	abvd	PERSON	abvd_53_personhumanbeing_65
sap	sap	SAP	abvd	FIVE	abvd_201_five_2
sareina	sareina	SAREINA	abvd	EAR	abvd_43_ear_1
sarina	sarina	SARINA	abvd	EAR	abvd_43_ear_1
sarinau	sarinau	SARINAU	abvd	EAR	abvd_43_ear_1
sarira	sarira	SARIRA	abvd	EAR	abvd_43_ear_1
sarroso	sarroso	SARROSO	abvd	FOG	abvd_132_fog_61
sasi	sasi	SASI	abvd	SALT	abvd_125_salt_37
sasimani	sasimani	SASIMANI	abvd	FAT (ORGANIC SUBSTANCE)	-
sasisīm	sasism	SASISM	abvd	CHILD	abvd_56_child_35
sassi	sassi	SASSI	abvd	SALT	abvd_125_salt_37
sassimar	sassimar	SASSIMAR	abvd	FAT (ORGANIC SUBSTANCE)	abvd_104_fatgrease_2
sasui	sasui	SASUI	abvd	SALT	abvd_125_salt_37
sbanno	sbanno	SBANNO	abvd	WHEN	abvd_170_when_54
se-se-sich	sesesich	SESESIKH	abvd	PAINFUL OR SICK	abvd_160_painfulsick_1
shai	shai	SHAI	abvd	RAIN (PRECIPITATION)	-
sham	sham	SHAM	abvd	MALE PERSON	abvd_54_manmale_57
shauhan	shauhan	SHAUHAN	abvd	CHILD	-
shiem	shiem	SHIEM	abvd	CHILD	abvd_56_child_35
shien	shien	SHIEN	abvd	TOOTH	abvd_31_tooth_7
shopa	shopa	SHOPA	abvd	FOUR	abvd_200_four_1
shupa	shupa	SHUPA	abvd	FOUR	abvd_200_four_1
siana	siana	SIANA	abvd	THIS	-
sich	sich	SIKH	abvd	PAINFUL OR SICK	abvd_160_painfulsick_1
sies	sies	SIES	abvd	BACK	abvd_13_back_7
sim	sim	SIM	abvd	CHILD	abvd_56_child_35
sim kuchi	simkuchi	SIMKUKHI	abvd	MALE PERSON	abvd_54_manmale_63
simsim	simsim	SIMSIM	abvd	WATER	-
simukooti	simukooti	SIMUKOOTI	abvd	CHILD	abvd_56_child_35
sin	sin	SIN	abvd	TOOTH	abvd_31_tooth_7
sini	sini	SINI	abvd	FEMALE PERSON	abvd_55_womanfemale_70
sinie	sinie	SINIE	abvd	FEMALE PERSON	abvd_55_womanfemale_70
sinin	sinin	SININ	abvd	HEAR	abvd_44_tohear_22
sinohot	sinohot	SINOHOT	abvd	PERSON	abvd_53_personhumanbeing_65
sinuhut	sinuhut	SINUHUT	abvd	PERSON	abvd_53_personhumanbeing_65
sinuxut	sinuxut	SINUKUT	abvd	PERSON	abvd_53_personhumanbeing_65
sisa	sisa	SISA	abvd	DAY (NOT NIGHT)	abvd_168_day_48
sisim	sisim	SISIM	abvd	CHILD	abvd_56_child_35
sisisīm	sisism	SISISM	abvd	CHILD	abvd_56_child_35
sissa	sissa	SISSA	abvd	SALT	abvd_125_salt_37
sit-hun	sithun	SITHUN	abvd	MOON	-
sit-lin	sitlin	SITLIN	abvd	STAR	abvd_130_star_64
sja	sja	SYA	abvd	IF	abvd_193_if_59
sjam	sjam	SYAM	abvd	MALE PERSON	abvd_54_manmale_57
sjiem	sjiem	SYIEM	abvd	CHILD	abvd_56_child_35
sjien	sjien	SYIEN	abvd	TOOTH	abvd_31_tooth_7
so-o	soo	SOO	abvd	AND	abvd_192_and_22
soso	soso	SOSO	abvd	THAT	abvd_178_that_33
spat	spat	SPAT	abvd	FOUR	abvd_200_four_1
ssis	ssis	SSIS	abvd	BACK	abvd_13_back_7
ssīn	ssn	SSN	abvd	HEAD	-
su	su	SU	abvd	SIX	-
sua	sua	SUA	abvd	TWO	abvd_198_two_1
sumala	sumala	SUMALA	abvd	SLEEP	abvd_48_tosleep_41
sumara	sumara	SUMARA	abvd	SLEEP	abvd_48_tosleep_41
summapiel	summapiel	SUMMAPIEL	abvd	SIT	abvd_51_tosit_135
summara	summara	SUMMARA	abvd	LIE DOWN	abvd_49_toliedown_83
summaso	summaso	SUMMASO	abvd	SWIM	abvd_9_toswim_70
summerik	summerik	SUMMERIK	abvd	SQUEEZE	abvd_88_tosqueeze_69
summis	summis	SUMMIS	abvd	SEW	abvd_67_tosew_1
sumoes	sumoes	SUMOES	abvd	GROW	abvd_86_togrow_46
surima	surima	SURIMA	abvd	EAR	-
susa	susa	SUSA	abvd	WALK	abvd_5_towalk_3?
susu	susu	SUSU	abvd	THAT	abvd_178_that_33
suwa	suwa	SUWA	abvd	TWO	abvd_198_two_1
swa	swa	SWA	abvd	TWO	abvd_198_two_1
syam	syam	SUAM	abvd	MALE PERSON	abvd_54_manmale_57
ta	ta	TA	abvd	EARTH (SOIL)	abvd_119_earthsoil_30
ta'a	taa	TAA	abvd	EARTH (SOIL)	abvd_119_earthsoil_30
ta'ai	taai	TAAI	abvd	MOTHER	abvd_59_mother_68
ta'ānu	tanu	TANU	abvd	ONE	abvd_197_one_30
ta'ānu-mahokat	tanumahokat	TANUMAHOKAT	abvd	HUNDRED	abvd_209_onehundred_32
ta'ānu-wonehal	tanuwonehal	TANUWONEHAL	abvd	THOUSAND	abvd_210_onethousand_37
ta-a	taa	TAA	abvd	EARTH (SOIL)	abvd_119_earthsoil_30
ta-apu	taapu	TAAPU	abvd	FATHER	abvd_60_father_33
ta-os ata	taosata	TAOSATA	abvd	EARTH (SOIL)	abvd_119_earthsoil_30
taaei	taaei	TAAEI	abvd	MOTHER	abvd_59_mother_68
taai	taai	TAAI	abvd	MOTHER	abvd_59_mother_68
taamupa	taamupa	TAAMUPA	abvd	HUNDRED	-
taana yabai	taanayabai	TAANAUABAI	abvd	YEAR	abvd_169_year_78
taannu	taannu	TAANNU	abvd	ONE	abvd_197_one_30
taanu	taanu	TAANU	abvd	ONE	abvd_197_one_30
taanu makat	taanumakat	TAANUMAKAT	abvd	HUNDRED	abvd_209_onehundred_32
taanua makat	taanuamakat	TAANUAMAKAT	abvd	HUNDRED	abvd_209_onehundred_32
taanun	taanun	TAANUN	abvd	ONE	abvd_197_one_30
taba	taba	TABA	abvd	DRINK	abvd_40_todrink_47
tabat raba	tabatraba	TABATRABA	abvd	DRINK	-
tabit	tabit	TABIT	abvd	FAR	abvd_180_far_2
tachila	tachila	TAKHILA	abvd	TONGUE	abvd_32_tongue_4
tadach	tadach	TADAKH	abvd	WARM	abvd_138_warm_88
tadúa	tada	TADA	abvd	THREE	abvd_199_three_1
taga	taga	TAGA	abvd	BLOOD	abvd_23_blood_1
tagan	tagan	TAGAN	abvd	BLOOD	abvd_23_blood_1
tagga	tagga	TAGGA	abvd	BLOOD	abvd_23_blood_1
tahap	tahap	TAHAP	abvd	SIX	abvd_202_six_28
tahos	tahos	TAHOS	abvd	HEAVY	abvd_142_heavy_59
tais'id	taisid	TAISID	abvd	TEN	abvd_206_ten_34
taisi	taisi	TAISI	abvd	TEN	abvd_206_ten_34
taisit	taisit	TAISIT	abvd	FOUR	-
taisitsu	taisitsu	TAISITSU	abvd	TEN	abvd_206_ten_34
taisī	tais	TAIS	abvd	TEN	abvd_206_ten_34
tajina	tajina	TAYINA	abvd	TONGUE	abvd_32_tongue_4
takai ron kuto	takaironkuto	TAKAIRONKUTO	abvd	THATCH OR ROOF	-
takau	takau	TAKAU	abvd	SIX	abvd_202_six_28
takka	takka	TAKKA	abvd	BLOOD	abvd_23_blood_1
takkana	takkana	TAKKANA	abvd	KILL	abvd_74_tokill_37
takkap	takkap	TAKKAP	abvd	SIX	abvd_202_six_28
takkar	takkar	TAKKAR	abvd	ROPE	-
takkū	takk	TAKK	abvd	HAIR	abvd_26_hair_51
taku	taku	TAKU	abvd	HAIR	abvd_26_hair_51
takun	takun	TAKUN	abvd	HAIR	abvd_26_hair_51
tallala	tallala	TALLALA	abvd	FLOWER	abvd_116_flower_3
talu-a	talua	TALUA	abvd	THREE	abvd_199_three_1
talubak	talubak	TALUBAK	abvd	BIG	abvd_153_big_82
taluwa	taluwa	TALUWA	abvd	THREE	abvd_199_three_1
tamao	tamao	TAMAO	abvd	FATHER	abvd_60_father_16
tamapeh	tamapeh	TAMAPEH	abvd	KILL	abvd_74_tokill_85
tamapex	tamapex	TAMAPEK	abvd	KILL	abvd_74_tokill_85
tamara	tamara	TAMARA	abvd	HEAR	abvd_44_tohear_2
tamau	tamau	TAMAU	abvd	FATHER	abvd_60_father_16
tamaziya	tamaziya	TAMASIUA	abvd	NAME	abvd_63_name_45
tamaziyâ	tamaziy	TAMASIU	abvd	NAME	abvd_63_name_45
tana	tana	TANA	abvd	WHO	abvd_189_who_35
tana niu	tananiu	TANANIU	abvd	WHO	abvd_189_who_35
tana ya nan	tanayanan	TANAUANAN	abvd	WHO	abvd_189_who_34
tanaharōha	tanaharha	TANAHARHA	abvd	THOUSAND	-
tanai	tanai	TANAI	abvd	MOTHER	abvd_59_mother_18
tanaisu	tanaisu	TANAISU	abvd	TEN	abvd_206_ten_34
tanan niu	tananniu	TANANNIU	abvd	WHO	abvd_189_who_35
tanas'so	tanasso	TANASSO	abvd	HE OR SHE	abvd_184_heshe_28
tanas'su	tanassu	TANASSU	abvd	HE OR SHE	abvd_184_heshe_28
tanasin ohho'd	tanasinohhod	TANASINOHHOD	abvd	TWENTY	-
tanaso	tanaso	TANASO	abvd	NINE	abvd_205_nine_6
tanasu	tanasu	TANASU	abvd	NINE	abvd_205_nine_6
tanasō	tanas	TANAS	abvd	NINE	abvd_205_nine_6
tanayanan	tanayanan	TANAUANAN	abvd	NAME	abvd_63_name_1
tangan	tangan	TANGAN	abvd	KILL	abvd_74_tokill_37
tannacho	tannacho	TANNAKHO	abvd	NINE	abvd_205_nine_6
tanu-tēyap	tanutyap	TANUTUAP	abvd	THOUSAND	abvd_210_onethousand_37
tanua	tanua	TANUA	abvd	THREE	abvd_199_three_1
tanuarat	tanuarat	TANUARAT	abvd	HUNDRED	-
tanásu	tansu	TANSU	abvd	NINE	abvd_205_nine_6
tanāso	tanso	TANSO	abvd	NINE	abvd_205_nine_6
tapixan	tapixan	TAPIKAN	abvd	KILL	abvd_74_tokill_85
tapos	tapos	TAPOS	abvd	ALL	abvd_191_all_69
tapu	tapu	TAPU	abvd	MOTHER	-
taran	taran	TARAN	abvd	PATH OR ROAD	abvd_6_roadpath_1
tarran	tarran	TARRAN	abvd	PATH OR ROAD	abvd_6_roadpath_1
tarrara	tarrara	TARRARA	abvd	SPIDER	abvd_110_spider_1
tarua	tarua	TARUA	abvd	THREE	abvd_199_three_1
tasapat	tasapat	TASAPAT	abvd	EIGHT	abvd_204_eight_1
tashupat	tashupat	TASHUPAT	abvd	EIGHT	abvd_204_eight_1
tataanu	tataanu	TATAANU	abvd	ONE	abvd_197_one_30
tataupu	tataupu	TATAUPU	abvd	FATHER	abvd_60_father_33
tatian	tatian	TATIAN	abvd	BIG	abvd_153_big_82
tatimukusha	tatimukusha	TATIMUKUSHA	abvd	SEA	-
tatoonuhan	tatoonuhan	TATOONUHAN	abvd	BREAST	-
tatsila	tatsila	TATSILA	abvd	TONGUE	abvd_32_tongue_4
tatsira	tatsira	TATSIRA	abvd	TONGUE	abvd_32_tongue_4
tattakor	tattakor	TATTAKOR	abvd	STICK	-
tatubak	tatubak	TATUBAK	abvd	BIG	abvd_153_big_82
tatuhe	tatuhe	TATUHE	abvd	FAR	-
tatānu	tatnu	TATNU	abvd	ONE	abvd_197_one_30
tatānu-mmāzál	tatnummzl	TATNUMMSL	abvd	THOUSAND	abvd_210_onethousand_37
tatānu-mākat	tatnumkat	TATNUMKAT	abvd	HUNDRED	abvd_209_onehundred_32
tau	tau	TAU	abvd	HAIR	abvd_26_hair_38
tauch	tauch	TAUKH	abvd	HEAVY	abvd_142_heavy_59
taurui	taurui	TAURUI	abvd	HEAD	-
taus	taus	TAUS	abvd	ONE	abvd_197_one_27
taut	taut	TAUT	abvd	ONE	abvd_197_one_27
tavid	tavid	TABID	abvd	FAR	abvd_180_far_2
tavit	tavit	TABIT	abvd	FAR	abvd_180_far_2
tawa	tawa	TAWA	abvd	WE	-
tawo	tawo	TAWO	abvd	SIT	abvd_51_tosit_80
taxa	taxa	TAKA	abvd	BLOOD	abvd_23_blood_1
taxap	taxap	TAKAP	abvd	SEVEN	-
taxu	taxu	TAKU	abvd	HAIR	abvd_26_hair_51
taxus	taxus	TAKUS	abvd	HEAVY	abvd_142_heavy_59
tazirra	tazirra	TASIRRA	abvd	TONGUE	abvd_32_tongue_4
tačira	taira	TAIRA	abvd	TONGUE	abvd_32_tongue_4
taḡḡa	taa	TAA	abvd	BLOOD	abvd_23_blood_1
telax	telax	TELAK	abvd	TONGUE	abvd_32_tongue_4
temada	temada	TEMADA	abvd	HEAR	abvd_44_tohear_2
tephu	tephu	TEPHU	abvd	NOSE	-
terah	terah	TERAH	abvd	TONGUE	abvd_32_tongue_4
tes	tes	TES	abvd	MOUTH	-
tes'dd	tesdd	TESDD	abvd	HUNDRED	-
teyet	teyet	TEUET	abvd	BELLY	abvd_14_belly_71
tiin	tiin	TIIN	abvd	SKY	-
tikai	tikai	TIKAI	abvd	SMALL	abvd_152_small_100
tilap	tilap	TILAP	abvd	LONG	abvd_155_long_82
tilax	tilax	TILAK	abvd	TONGUE	abvd_32_tongue_4
timadah	timadah	TIMADAH	abvd	HEAR	abvd_44_tohear_2
timala	timala	TIMALA	abvd	HEAR	abvd_44_tohear_2
timaza	timaza	TIMASA	abvd	HEAR	abvd_44_tohear_2
timu	timu	TIMU	abvd	SALT	abvd_125_salt_2
timáza	timza	TIMSA	abvd	HEAR	abvd_44_tohear_2
tiphi	tiphi	TIPHI	abvd	SEVEN	-
tirap	tirap	TIRAP	abvd	LONG	abvd_155_long_82
tiyal	tiyal	TIUAL	abvd	BELLY	abvd_14_belly_1
tiyat	tiyat	TIUAT	abvd	BELLY	abvd_14_belly_1
to	to	TO	abvd	WATER	abvd_122_water_48
todacho	todacho	TODAKHO	abvd	WHO	-
tomm'ija	tommija	TOMMIYA	abvd	WHO	abvd_189_who_2
tomma	tomma	TOMMA	abvd	WHO	abvd_189_who_2
ton	ton	TON	abvd	HOUSE	abvd_61_house_21
tooko	tooko	TOOKO	abvd	SMALL	abvd_152_small_100
tool'a	toola	TOOLA	abvd	THREE	abvd_199_three_1
tool'ā	tool	TOOL	abvd	THREE	abvd_199_three_1
toonun	toonun	TOONUN	abvd	NOSE	-
toorara	toorara	TOORARA	abvd	FLOWER	abvd_116_flower_3
tootko	tootko	TOOTKO	abvd	SMALL	abvd_152_small_100
tootoko	tootoko	TOOTOKO	abvd	SMALL	abvd_152_small_100
toova	toova	TOOBA	abvd	BIG	abvd_153_big_82
toovak	toovak	TOOBAK	abvd	BIG	abvd_153_big_82
toro-a	toroa	TOROA	abvd	THREE	abvd_199_three_1
torro	torro	TORRO	abvd	WE	abvd_185_we_40
torroa	torroa	TORROA	abvd	WE	abvd_185_we_40
tschiet	tschiet	TSKHIET	abvd	TEN	abvd_206_ten_3
tsi	tsi	TSI	abvd	FISH	abvd_111_fish_75
tsia	tsia	TSIA	abvd	NEEDLE (FOR SEWING)	abvd_68_needle_33
tsiga	tsiga	TSIGA	abvd	WORM	abvd_107_wormearthworm_61
tsihet	tsihet	TSIHET	abvd	TEN	abvd_206_ten_3
tsiiyat	tsiiyat	TSIIUAT	abvd	BELLY	abvd_14_belly_1
tsikhit	tsikhit	TSIKHIT	abvd	SEVEN	-
tsimipi siep	tsimipisiep	TSIMIPISIEP	abvd	SUCK	abvd_42_tosuck_1
tsimipitsiep	tsimipitsiep	TSIMIPITSIEP	abvd	SUCK	abvd_42_tosuck_1
tsixit	tsixit	TSIKIT	abvd	TEN	abvd_206_ten_3
tsiye	tsiye	TSIUE	abvd	FISH	abvd_111_fish_75
tsukuli	tsukuli	TSUKULI	abvd	PERSON	-
ttaho	ttaho	TTAHO	abvd	HAIR	-
ttahos	ttahos	TTAHOS	abvd	HEAVY	abvd_142_heavy_59
ttaiso	ttaiso	TTAISO	abvd	TEN	abvd_206_ten_34
ttao	ttao	TTAO	abvd	HAIR	abvd_26_hair_38
tuagan-tu	tuagantu	TUAGANTU	abvd	WATER	abvd_122_water_48
tubak	tubak	TUBAK	abvd	BIG	abvd_153_big_82
tullala	tullala	TULLALA	abvd	FLOWER	abvd_116_flower_3
tulu	tulu	TULU	abvd	THREE	abvd_199_three_1
tulu hau	tuluhau	TULUHAU	abvd	FIRE	abvd_143_fire_1
tumaap	tumaap	TUMAAP	abvd	WORK (ACTIVITY)	abvd_83_towork_70
tumkach	tumkach	TUMKAKH	abvd	HUNT	-
tummaap	tummaap	TUMMAAP	abvd	WORK (ACTIVITY)	abvd_83_towork_70
tummaba	tummaba	TUMMABA	abvd	STAB	-
tummagcha	tummagcha	TUMMAGKHA	abvd	CUT OR HACK	abvd_78_tocuthack_1
tummaies	tummaies	TUMMAIES	abvd	CLIMB	abvd_172_toclimb_2
tummana	tummana	TUMMANA	abvd	OPEN	abvd_92_toopenuncover_22
tummilla	tummilla	TUMMILLA	abvd	STAB	-
tumpa	tumpa	TUMPA	abvd	THINK	abvd_21_tothink_60
tumpuk	tumpuk	TUMPUK	abvd	COUNT	abvd_196_tocount_65
tumsar	tumsar	TUMSAR	abvd	STAB	-
tumu hau	tumuhau	TUMUHAU	abvd	FIRE	abvd_143_fire_1
tun	tun	TUN	abvd	HOUSE	abvd_61_house_21
tuntun	tuntun	TUNTUN	abvd	HEAD	-
tunu	tunu	TUNU	abvd	HEAD	abvd_24_head_35
turu	turu	TURU	abvd	THREE	abvd_199_three_1
tyugwan	tyugwan	TUUGWAN	abvd	THREE	abvd_199_three_1
tá-ai	tai	TAI	abvd	MOTHER	abvd_59_mother_68
táisi	tisi	TISI	abvd	TEN	abvd_206_ten_34
tákap	tkap	TKAP	abvd	SIX	abvd_202_six_28
táku	tku	TKU	abvd	HAIR	abvd_26_hair_51
tákut	tkut	TKUT	abvd	HAIR	abvd_26_hair_51
tánnu	tnnu	TNNU	abvd	ONE	abvd_197_one_30
tíxa	txa	TKA	abvd	NEEDLE (FOR SEWING)	abvd_68_needle_33
túbak	tbak	TBAK	abvd	BIG	abvd_153_big_82
tābū	tb	TB	abvd	FATHER	abvd_60_father_33
tāha	tha	THA	abvd	BLOOD	abvd_23_blood_1
tāi	ti	TI	abvd	MOTHER	abvd_59_mother_68
tānu	tnu	TNU	abvd	ONE	abvd_197_one_30
tāpo	tpo	TPO	abvd	FATHER	abvd_60_father_33
tāpu	tpu	TPU	abvd	FATHER	abvd_60_father_33
tāran	tran	TRAN	abvd	PATH OR ROAD	abvd_6_roadpath_1
tāvi	tvi	TBI	abvd	FAR	abvd_180_far_2
tāī	t	T	abvd	MOTHER	abvd_59_mother_68
tērah	trah	TRAH	abvd	TONGUE	abvd_32_tongue_4
tēre	tre	TRE	abvd	BIRD	abvd_97_bird_39
tērra	trra	TRRA	abvd	TONGUE	abvd_32_tongue_4
tēya	tya	TUA	abvd	BELLY	abvd_14_belly_1?
tīrax	trax	TRAK	abvd	TONGUE	abvd_32_tongue_4
tō	t	T	abvd	WATER	abvd_122_water_48
tūtutku	ttutku	TTUTKU	abvd	SMALL	abvd_152_small_100
ua	ua	UA	abvd	NO OR NOT	abvd_195_nonot_96
uikil	uikil	UIKIL	abvd	NEAR	abvd_179_near_88
ukku	ukku	UKKU	abvd	SMALL	abvd_152_small_99
ulake	ulake	ULAKE	abvd	CHILD	-
ulku	ulku	ULKU	abvd	SMALL	abvd_152_small_99
ulu	ulu	ULU	abvd	EARTH (SOIL)	-
umatapi	umatapi	UMATAPI	abvd	EAT	-
ummadok	ummadok	UMMADOK	abvd	CHOOSE	-
umman	umman	UMMAN	abvd	DRINK	abvd_40_todrink_17
ummapach	ummapach	UMMAPAKH	abvd	CLIMB	abvd_172_toclimb_46
ummatat	ummatat	UMMATAT	abvd	CHEW	-
usu	usu	USU	abvd	LOUSE	abvd_108_louse_1
utku	utku	UTKU	abvd	SMALL	abvd_152_small_99
uwetō	uwet	UWET	abvd	SEVEN	abvd_203_seven_1
uwikki	uwikki	UWIKKI	abvd	NEAR	abvd_179_near_88
vahan	vahan	BAHAN	abvd	BACK	abvd_13_back_74
vahoi	vahoi	BAHOI	abvd	WIND	abvd_136_wind_2
vak	vak	BAK	abvd	KNOW (SOMETHING)	abvd_20_toknowbeknowledgeable_2
valak tsu valai	valaktsuvalai	BALAKTSUBALAI	abvd	GOOD	-
vaorrok	vaorrok	BAORROK	abvd	HEAD	abvd_24_head_21
vasin	vasin	BASIN	abvd	COLD	abvd_139_cold_94
vatau	vatau	BATAU	abvd	HEAD	abvd_24_head_16
vauro	vauro	BAURO	abvd	HEAD	abvd_24_head_21
verah	verah	BERAH	abvd	MOUTH	abvd_30_mouth_86
vezō	vez	BES	abvd	BLACK	abvd_147_black_73
vich'u	vichu	BIKHU	abvd	THUNDER	abvd_134_thunder_72?
virrū	virr	BIRR	abvd	BLACK	abvd_147_black_73
voai	voai	BOAI	abvd	FRUIT	abvd_117_fruit_1
vohotadema	vohotadema	BOHOTADEMA	abvd	THUNDER	abvd_134_thunder_79
vohotodema	vohotodema	BOHOTODEMA	abvd	THUNDER	abvd_134_thunder_79
vohotojimā	vohotojim	BOHOTOYIM	abvd	THUNDER	abvd_134_thunder_79
vorop	vorop	BOROP	abvd	HEAD	abvd_24_head_21
vurrok	vurrok	BURROK	abvd	HEAD	abvd_24_head_21
vusat	vusat	BUSAT	abvd	FLOWER	abvd_116_flower_51
vārē	vr	BR	abvd	WIND	abvd_136_wind_2
vāsin	vsin	BSIN	abvd	COLD	abvd_139_cold_94
vīrah	vrah	BRAH	abvd	MOUTH	abvd_30_mouth_86
vūnak	vnak	BNAK	abvd	FLOWER	-
vūryam	vryam	BRUAM	abvd	SKY	abvd_128_sky_21
wahoe	wahoe	WAHOE	abvd	WIND	abvd_136_wind_2
wampo	wampo	WAMPO	abvd	TEN	-
wampu kauhut	wampukauhut	WAMPUKAUHUT	abvd	THOUSAND	-
wamurap	wamurap	WAMURAP	abvd	SLEEP	abvd_48_tosleep_50
wanek	wanek	WANEK	abvd	BIRD	-
warō	war	WAR	abvd	LIGHTNING	abvd_135_lightning_69
watu	watu	WATU	abvd	EGG	-
watunu	watunu	WATUNU	abvd	STONE	abvd_120_stone_1
wogax	wogax	WOGAK	abvd	EYE	-
wunaye	wunaye	WUNAUE	abvd	SAND	abvd_121_sand_2
xabubu	xabubu	KABUBU	abvd	ASH	abvd_146_ashes_1
xanina	xanina	KANINA	abvd	EAR	abvd_43_ear_1
xapan	xapan	KAPAN	abvd	LIVER	abvd_17_liver_48
xarepan	xarepan	KAREPAN	abvd	SKIN	-
xaxina	xaxina	KAKINA	abvd	EAR	abvd_43_ear_1
xowai	xowai	KOWAI	abvd	SAY	abvd_64_tosay_138
xáisinat	xisinat	KISINAT	abvd	LIGHTNING	-
xáisunat	xisunat	KISUNAT	abvd	STAR	abvd_130_star_63
yabai	yabai	UABAI	abvd	YEAR	abvd_169_year_78
yabali	yabali	UABALI	abvd	WIND	abvd_136_wind_2
yabasin	yabasin	UABASIN	abvd	COLD	abvd_139_cold_94
yabatu	yabatu	UABATU	abvd	STONE	abvd_120_stone_1
yabaxan	yabaxan	UABAKAN	abvd	BACK	abvd_13_back_74
yabidu	yabidu	UABIDU	abvd	BLACK	abvd_147_black_73
yabudza	yabudza	UABUDSA	abvd	WORM	-
yabusat	yabusat	UABUSAT	abvd	FLOWER	abvd_116_flower_51
yabuzum	yabuzum	UABUSUM	abvd	SKY	abvd_128_sky_21
yadadex	yadadex	UADADEK	abvd	SALT	abvd_125_salt_39
yadash kakubu	yadashkakubu	UADASHKAKUBU	abvd	PAINFUL OR SICK	abvd_160_painfulsick_88
yadaun	yadaun	UADAUN	abvd	HOUSE	abvd_61_house_21
yadawan	yadawan	UADAWAN	abvd	HOUSE	abvd_61_house_21
yadim	yadim	UADIM	abvd	CHILD	abvd_56_child_35
yagana	yagana	UAGANA	abvd	WHAT	abvd_188_what_47
yaganu	yaganu	UAGANU	abvd	SEA	abvd_124_sea_62
yagawat	yagawat	UAGAWAT	abvd	FOOT OR LEG	abvd_4_legfoot_76
yahago	yahago	UAHAGO	abvd	GRASS	abvd_118_grass_73
yahibin	yahibin	UAHIBIN	abvd	SNAKE	abvd_106_snake_4
yahogo	yahogo	UAHOGO	abvd	GRASS	abvd_118_grass_73
yaizai	yaizai	UAISAI	abvd	MOON	abvd_129_moon_50
yajim	yajim	UAYIM	abvd	CHILD	abvd_56_child_35
yakapa	yakapa	UAKAPA	abvd	FOOT OR LEG	-
yakta	yakta	UAKTA	abvd	EARTH (SOIL)	abvd_119_earthsoil_65
yalä	yal	UAL	abvd	MOSQUITO	-
yamadok	yamadok	UAMADOK	abvd	DOG	abvd_96_dog_9
yamasa	yamasa	UAMASA	abvd	EYE	abvd_45_eye_1
yamu	yamu	UAMU	abvd	YOU	abvd_186_you_1
yana	yana	UANA	abvd	SIT	abvd_51_tosit_132
yanan	yanan	UANAN	abvd	NAME	abvd_63_name_1
yanot	yanot	UANOT	abvd	NOSE	abvd_27_nose_38
yanu	yanu	UANU	abvd	NOSE	abvd_27_nose_38
yanus	yanus	UANUS	abvd	NOSE	abvd_27_nose_38
yanut	yanut	UANUT	abvd	NOSE	abvd_27_nose_38
yanū	yan	UAN	abvd	NOSE	abvd_27_nose_38
yao	yao	UAO	abvd	I	abvd_182_i_1
yaorik	yaorik	UAORIK	abvd	WHITE	abvd_148_white_86
yaram	yaram	UARAM	abvd	IN	abvd_174_ininside_1
yarap	yarap	UARAP	abvd	CLOUD	abvd_131_cloud_89
yarawat	yarawat	UARAWAT	abvd	FOOT OR LEG	abvd_4_legfoot_76
yarim	yarim	UARIM	abvd	CHILD	abvd_56_child_35
yaritak	yaritak	UARITAK	abvd	EARTH (SOIL)	abvd_119_earthsoil_65
yarrek	yarrek	UARREK	abvd	NECK	abvd_25_neck_113
yarum	yarum	UARUM	abvd	IN	abvd_174_ininside_1
yasap	yasap	UASAP	abvd	HAIR	-
yata	yata	UATA	abvd	EARTH (SOIL)	abvd_119_earthsoil_65
yatab	yatab	UATAB	abvd	WATER	abvd_122_water_49
yatak	yatak	UATAK	abvd	EARTH (SOIL)	abvd_119_earthsoil_65
yatap	yatap	UATAP	abvd	WATER	abvd_122_water_49
yataran	yataran	UATARAN	abvd	PATH OR ROAD	abvd_6_roadpath_1
yataxax	yataxax	UATAKAK	abvd	BLOOD	abvd_23_blood_1
yataxu	yataxu	UATAKU	abvd	HAIR	abvd_26_hair_51
yateyat	yateyat	UATEUAT	abvd	BELLY	abvd_14_belly_71
yati	yati	UATI	abvd	FISH	abvd_111_fish_78
yatiat	yatiat	UATIAT	abvd	BELLY	abvd_14_belly_71
yatixa	yatixa	UATIKA	abvd	NEEDLE (FOR SEWING)	abvd_68_needle_33
yato	yato	UATO	abvd	ONE	abvd_197_one_1
yattap	yattap	UATTAP	abvd	WATER	abvd_122_water_49
yatyat	yatyat	UATUAT	abvd	BELLY	abvd_14_belly_71
yatâxus	yatxus	UATKUS	abvd	HEAVY	abvd_142_heavy_59
yatē	yat	UAT	abvd	FISH	abvd_111_fish_78
yatēt	yatt	UATT	abvd	BELLY	abvd_14_belly_71
yau	yau	UAU	abvd	I	abvd_182_i_1
yau ramut	yauramut	UAURAMUT	abvd	WE	abvd_185_we_41
yaudzek	yaudzek	UAUDSEK	abvd	WHITE	abvd_148_white_86
yauhoa	yauhoa	UAUHOA	abvd	GOOD	-
yautat	yautat	UAUTAT	abvd	RAIN (PRECIPITATION)	abvd_133_rain_1
yava	yava	UABA	abvd	FATHER	abvd_60_father_14
yaverah	yaverah	UABERAH	abvd	MOUTH	abvd_30_mouth_86
yavārī	yavr	UABR	abvd	WIND	abvd_136_wind_2
yawao	yawao	UAWAO	abvd	FIRE	abvd_143_fire_1
yawaro	yawaro	UAWARO	abvd	LIGHTNING	abvd_135_lightning_69
yawaru	yawaru	UAWARU	abvd	LIGHTNING	abvd_135_lightning_69
yawau	yawau	UAWAU	abvd	FIRE	abvd_143_fire_1
yawou	yawou	UAWOU	abvd	FIRE	abvd_143_fire_1
yaxugu	yaxugu	UAKUGU	abvd	GRASS	abvd_118_grass_73
yaya	yaya	UAUA	abvd	MOTHER	abvd_59_mother_2
yazim	yazim	UASIM	abvd	CHILD	abvd_56_child_35
yazo	yazo	UASO	abvd	DOG	abvd_96_dog_9
yazáwan	yazwan	UASWAN	abvd	HOUSE	abvd_61_house_21
yaō	ya	UA	abvd	I	abvd_182_i_1
yebusad	yebusad	UEBUSAD	abvd	FLOWER	abvd_116_flower_51
yejiwan	yejiwan	UEYIWAN	abvd	TOOTH	abvd_31_tooth_38
yepat	yepat	UEPAT	abvd	FOUR	abvd_200_four_1
yeres	yeres	UERES	abvd	PAINFUL OR SICK	abvd_160_painfulsick_91
yerudoh	yerudoh	UERUDOH	abvd	FOOT OR LEG	-
yetavit	yetavit	UETABIT	abvd	FAR	abvd_180_far_2
yevasin	yevasin	UEBASIN	abvd	COLD	abvd_139_cold_94
yeverah	yeverah	UEBERAH	abvd	MOUTH	abvd_30_mouth_86
yevudom	yevudom	UEBUDOM	abvd	SKY	abvd_128_sky_21
yezol	yezol	UESOL	abvd	MOON	abvd_129_moon_51
yimasa	yimasa	UIMASA	abvd	EYE	abvd_45_eye_1
yo-o	yoo	UOO	abvd	I	abvd_182_i_1
yotta	yotta	UOTTA	abvd	RAIN (PRECIPITATION)	abvd_133_rain_1
yudah	yudah	UUDAH	abvd	INTESTINES	abvd_16_intestines_32
yujek	yujek	UUYEK	abvd	WHITE	abvd_148_white_86
yukush	yukush	UUKUSH	abvd	HAIR	-
yulkel	yulkel	UULKEL	abvd	NEAR	abvd_179_near_88
yuryék	yuryk	UURUK	abvd	WHITE	abvd_148_white_86
yusu	yusu	UUSU	abvd	LOUSE	abvd_108_louse_1
yutek	yutek	UUTEK	abvd	EARTH (SOIL)	abvd_119_earthsoil_65
yuvero	yuvero	UUBERO	abvd	BLACK	abvd_147_black_73
yuvezo	yuvezo	UUBESO	abvd	BLACK	abvd_147_black_73
yuwao	yuwao	UUWAO	abvd	FIRE	abvd_143_fire_1
yuwekil	yuwekil	UUWEKIL	abvd	NEAR	abvd_179_near_88
yuwetō	yuwet	UUWET	abvd	SEVEN	abvd_203_seven_1
yátab	ytab	UTAB	abvd	WATER	abvd_122_water_49
yáti	yti	UTI	abvd	FISH	abvd_111_fish_78
yáu	yu	UU	abvd	I	abvd_182_i_1
yānan	ynan	UNAN	abvd	NAME	abvd_63_name_1
yānuk	ynuk	UNUK	abvd	NOSE	abvd_27_nose_38
yārap	yrap	URAP	abvd	CLOUD	abvd_131_cloud_89
yārik	yrik	URIK	abvd	NECK	abvd_25_neck_113
yārrap	yrrap	URRAP	abvd	CLOUD	abvd_131_cloud_89
yārrik	yrrik	URRIK	abvd	NECK	abvd_25_neck_113
yāta	yta	UTA	abvd	EARTH (SOIL)	abvd_119_earthsoil_65
yāte	yte	UTE	abvd	FISH	abvd_111_fish_78
yātsī	yts	UTS	abvd	FISH	abvd_111_fish_78
yāwarō	ywar	UWAR	abvd	LIGHTNING	abvd_135_lightning_69
yērai	yrai	URAI	abvd	MOON	abvd_129_moon_50
yēso	yso	USO	abvd	HE OR SHE	abvd_184_heshe_28
yōrik	yrik	URIK	abvd	WHITE	abvd_148_white_86
yōtta	ytta	UTTA	abvd	RAIN (PRECIPITATION)	abvd_133_rain_1
yōttat	yttat	UTTAT	abvd	RAIN (PRECIPITATION)	abvd_133_rain_1
yūjiun	yjiun	UYIUN	abvd	TOOTH	abvd_31_tooth_38
yūwaru	ywaru	UWARU	abvd	LIGHTNING	abvd_135_lightning_69
zamos	zamos	SAMOS	abvd	GRASS	abvd_118_grass_74
zamuzok	zamuzok	SAMUSOK	abvd	SUCK	abvd_42_tosuck_48
zawan	zawan	SAWAN	abvd	HOUSE	abvd_61_house_21
zazi	zazi	SASI	abvd	SALT	abvd_125_salt_37
zchiet	zchiet	SKHIET	abvd	TEN	abvd_206_ten_3
zchiett	zchiett	SKHIETT	abvd	TEN	abvd_206_ten_3
zhisya	zhisya	SHISUA	abvd	DAY (NOT NIGHT)	abvd_168_day_48
zi	zi	SI	abvd	FISH	abvd_111_fish_75
zia	zia	SIA	abvd	NEEDLE (FOR SEWING)	abvd_68_needle_33
zido	zido	SIDO	abvd	BREAST	abvd_18_breast_45
ziga	ziga	SIGA	abvd	WORM	abvd_107_wormearthworm_61
zijsja	zijsja	SIYSYA	abvd	DAY (NOT NIGHT)	abvd_168_day_48
zito	zito	SITO	abvd	DOG	abvd_96_dog_70
zizim	zizim	SISIM	abvd	CHILD	abvd_56_child_35
zupat	zupat	SUPAT	abvd	FOUR	abvd_200_four_1
zys-ya	zysya	SUSUA	abvd	DAY (NOT NIGHT)	abvd_168_day_48
zysha	zysha	SUSHA	abvd	DAY (NOT NIGHT)	abvd_168_day_48
zysja	zysja	SUSYA	abvd	DAY (NOT NIGHT)	abvd_168_day_48
zíwan	zwan	SWAN	abvd	TOOTH	abvd_31_tooth_38
úku	ku	KU	abvd	SMALL	abvd_152_small_99
úman	man	MAN	abvd	EAT	abvd_37_toeat_1
čika	ika	IKA	abvd	WORM	abvd_107_wormearthworm_61
īdjer	djer	DYER	abvd	MOON	abvd_129_moon_51
īso	so	SO	abvd	HE OR SHE	abvd_184_heshe_28
ʂai	ʂai	SAI	abvd	COME	abvd_7_tocome_52
ʂini	ʂini	SINI	abvd	FEMALE PERSON	abvd_55_womanfemale_70
ʂo-o	ʂoo	SOO	abvd	AND	abvd_192_and_22
ʂumoos	ʂumoos	SUMOOS	abvd	GROW	abvd_86_togrow_46
ʷũa	a	A	abvd	TWO	abvd_198_two_1
ʷũa-tais'id	ataisid	ATAISID	abvd	TWENTY	abvd_207_twenty_20
