Word	IPA	SCA	Source	Concept_ID	Cognate_Set_ID
a-faru-n	afarun	APARUN	abvd	WING	abvd_100_wing_61
aleti	aleti	ALETI	abvd	DAY (NOT NIGHT)	abvd_168_day_1
amʷo-ŋ	amo	AMO	abvd	LIVER	abvd_17_liver_7
aru-ŋ	aru	ARU	abvd	HAND	abvd_1_hand_54
asaŋin	asain	ASAIN	abvd	SMOKE (EXHAUST)	abvd_145_smoke_2
atae	atae	ATAE	abvd	KNOW (SOMETHING)	abvd_20_toknowbeknowledgeable_35
atol	atol	ATOL	abvd	EGG	abvd_98_egg_1
atŋi	ati	ATI	abvd	KILL	abvd_74_tokill_18
bati-ŋ	bati	BATI	abvd	TOOTH	abvd_31_tooth_6
e-l-fot	elfot	ELPOT	abvd	NINE	abvd_205_nine_20
e-la-ru	elaru	ELARU	abvd	SEVEN	abvd_203_seven_13
e-la-tol	elatol	ELATOL	abvd	EIGHT	abvd_204_eight_5
e-lim	elim	ELIM	abvd	FIVE	abvd_201_five_1
e-pat	epat	EPAT	abvd	FOUR	abvd_200_four_1
e-ru	eru	ERU	abvd	TWO	abvd_198_two_1
e-tan	etan	ETAN	abvd	EARTH (SOIL)	abvd_119_earthsoil_1
e-tol	etol	ETOL	abvd	THREE	abvd_199_three_1
ef	ef	EP	abvd	IF	-
efitin	efitin	EPITIN	abvd	WARM	abvd_138_warm_12
ek	ek	EK	abvd	MOTHER	abvd_59_mother_70
elase	elase	ELASE	abvd	SIX	abvd_202_six_20
emei	emei	EMEI	abvd	COME	abvd_7_tocome_1
en-tan	entan	ENTAN	abvd	LIE DOWN	abvd_49_toliedown_1
epu	epu	EPU	abvd	IN	-
eskei	eskei	ESKEI	abvd	ONE	abvd_197_one_42
etfale	etfale	ETPALE	abvd	HOW	abvd_194_how_81
etik	etik	ETIK	abvd	NO OR NOT	abvd_195_nonot_10
fam	fam	PAM	abvd	EAT	abvd_37_toeat_33
fat	fat	PAT	abvd	STONE	abvd_120_stone_1
fau	fau	PAU	abvd	NEW	abvd_163_new_1
fe	fe	PE	abvd	WHO	abvd_189_who_1
fef	fef	PEP	abvd	COUNT	abvd_196_tocount_70
fisi	fisi	PISI	abvd	HIT	-
fsi	fsi	PSI	abvd	SEE	abvd_46_tosee_11
fsoui	fsoui	PSOUI	abvd	BURN	-
fumʷen nekas	fumennekas	PUMENNEKAS	abvd	FLOWER	abvd_116_flower_1
ir	ir	IR	abvd	FLY (MOVE THROUGH AIR)	abvd_101_tofly_40
kamus	kamus	KAMUS	abvd	YOU	abvd_186_you_1
kante	kante	KANTE	abvd	WE	abvd_185_we_I
karkaro	karkaro	KARKARO	abvd	SCRATCH	abvd_77_toscratch_1
kati	kati	KATI	abvd	BITE	abvd_41_tobite_1
kato-ŋ	kato	KATO	abvd	MOUTH	abvd_30_mouth_45
kaŋ	ka	KA	abvd	THOU	abvd_183_thou_1
kilkil	kilkil	KILKIL	abvd	DIG	abvd_90_todig_1
kinou	kinou	KINOU	abvd	I	abvd_182_i_1
koa	koa	KOA	abvd	CHILD	-
kol	kol	KOL	abvd	CRY	abvd_34_tocry_39
komam	komam	KOMAM	abvd	WE	abvd_185_we_E42
kon	kon	KON	abvd	ROOT	abvd_115_root_2
kori	kori	KORI	abvd	DOG	abvd_96_dog_7
ksakes	ksakes	KSAKES	abvd	GREEN	abvd_151_green_8
kue-n	kuen	KUEN	abvd	TAIL	abvd_105_tail_11?
kulu-ŋ	kulu	KULU	abvd	SKIN	abvd_12_skin_1
kusu	kusu	KUSU	abvd	RAT	abvd_102_rat_3
kut	kut	KUT	abvd	LOUSE	abvd_108_louse_1
kuti	kuti	KUTI	abvd	SQUEEZE	abvd_88_tosqueeze_86
lakeno-ŋ	lakeno	LAKENO	abvd	NECK	-
lao	lao	LAO	abvd	STAB	abvd_71_tostabpierce_79
laŋ	la	LA	abvd	WIND	abvd_136_wind_1
lo	lo	LO	abvd	THIS	abvd_177_this_62
los	los	LOS	abvd	SWIM	abvd_9_toswim_8
lotite	lotite	LOTITE	abvd	OTHER	-
lu	lu	LU	abvd	VOMIT	abvd_35_tovomit_8
luk	luk	LUK	abvd	LAKE	abvd_126_lake_53
malenaon	malenaon	MALENAON	abvd	SAND	abvd_121_sand_1
mam	mam	MAM	abvd	FATHER	abvd_60_father_1
man	man	MAN	abvd	BIRD	abvd_97_bird_1
maomao	maomao	MAOMAO	abvd	YELLOW	abvd_150_yellow_33
mar	mar	MAR	abvd	BREATHE	abvd_28_tobreathe_12
marik	marik	MARIK	abvd	HUSBAND	abvd_57_husband_68
mas	mas	MAS	abvd	COOK (SOMETHING)	abvd_39_tocook_19
mat	mat	MAT	abvd	BE DEAD OR DIE	abvd_75_todiebedead_1
mata-ŋ	mata	MATA	abvd	INTESTINES	abvd_16_intestines_15?
mate	mate	MATE	abvd	ROPE	-
matoltol	matoltol	MATOLTOL	abvd	THICK	abvd_157_thick_3
matu	matu	MATU	abvd	RIGHT	abvd_3_right_5
matur	matur	MATUR	abvd	SLEEP	abvd_48_tosleep_1
melat	melat	MELAT	abvd	COLD	abvd_139_cold_45
mena-ŋ	mena	MENA	abvd	TONGUE	abvd_32_tongue_7
meta-ŋ	meta	META	abvd	EYE	abvd_45_eye_1
meteikap	meteikap	METEIKAP	abvd	ASH	abvd_146_ashes_1
metmet	metmet	METMET	abvd	ROTTEN	abvd_112_rotten_92
meu	meu	MEU	abvd	WET	abvd_141_wet_49?
miel	miel	MIEL	abvd	RED	abvd_149_red_1
min	min	MIN	abvd	DRINK	abvd_40_todrink_1
mkal	mkal	MKAL	abvd	SHARP	abvd_81_sharp_14
moti	moti	MOTI	abvd	FASTEN	abvd_66_totieupfasten_88
mour	mour	MOUR	abvd	LEFT	abvd_2_left_1
mrara	mrara	MRARA	abvd	THIN	abvd_156_thin_22
msak	msak	MSAK	abvd	PAINFUL OR SICK	abvd_160_painfulsick_1
mtak	mtak	MTAK	abvd	FEAR (BE AFRAID)	abvd_22_tofear_1
mten	mten	MTEN	abvd	HEAVY	abvd_142_heavy_32
mur	mur	MUR	abvd	LAUGH	abvd_33_tolaugh_13
mʷasei	masei	MASEI	abvd	STAR	abvd_130_star_13
mʷat	mat	MAT	abvd	SNAKE	abvd_106_snake_12
mʷeltiŋ	melti	MELTI	abvd	NEAR	abvd_179_near_14
mʷenam	menam	MENAM	abvd	GRASS	abvd_118_grass_31
mʷi-lo	milo	MILO	abvd	DIRTY	abvd_10_dirty_6
n-ai	nai	NAI	abvd	WATER	abvd_122_water_2
n-sou	nsou	NSOU	abvd	SKY	abvd_128_sky_63
n-tas	ntas	NTAS	abvd	SEA	abvd_124_sea_1
n-tou	ntou	NTOU	abvd	YEAR	abvd_169_year_1
na	na	NA	abvd	THAT	abvd_178_that_1
na-le	nale	NALE	abvd	FEATHER	abvd_99_feather_1?
na-lu-ŋ	nalu	NALU	abvd	HAIR	abvd_26_hair_31
na-mespʷal	namespal	NAMESPAL	abvd	FOREST	-
na-nuei	nanuei	NANUEI	abvd	MALE PERSON	abvd_54_manmale_80
na-pil	napil	NAPIL	abvd	LIGHTNING	abvd_135_lightning_26
na-pu	napu	NAPU	abvd	PATH OR ROAD	abvd_6_roadpath_5
na-sumʷ	nasum	NASUM	abvd	HOUSE	abvd_61_house_1
nam	nam	NAM	abvd	MOSQUITO	abvd_109_mosquito_1
nat	nat	NAT	abvd	PERSON	abvd_53_personhumanbeing_4
ne-ik	neik	NEIK	abvd	FISH	abvd_111_fish_1
ne-kap	nekap	NEKAP	abvd	FIRE	abvd_143_fire_19
ne-kas	nekas	NEKAS	abvd	STICK	abvd_79_stickwood_1
ne-matu	nematu	NEMATU	abvd	FEMALE PERSON	abvd_55_womanfemale_37
neŋa	nea	NEA	abvd	HE OR SHE	abvd_184_heshe_1
neŋer	neer	NEER	abvd	THEY	abvd_187_they_1
niŋraue	niraue	NIRAUE	abvd	WHEN	-
ososo	ososo	OSOSO	abvd	NARROW	-
pamu-ŋ	pamu	PAMU	abvd	SHOULDER	abvd_19_shoulder_79
pram	pram	PRAM	abvd	LONG	abvd_155_long_16
pʷekas	pekas	PEKAS	abvd	FLESH OR MEAT	abvd_103_meatflesh_15
pʷerei	perei	PEREI	abvd	SPLIT	abvd_80_tosplit_4
pʷou-ŋ	pou	POU	abvd	HEAD	abvd_24_head_14
pʷoŋ	po	PO	abvd	NIGHT	abvd_167_night_1
ralim	ralim	RALIM	abvd	TEN	abvd_206_ten_4
ro	ro	RO	abvd	FALL	abvd_95_tofall_120
roŋ napon	ronapon	RONAPON	abvd	SMELL (PERCEIVE)	abvd_29_tosniffsmell_42
runom	runom	RUNOM	abvd	ALL	-
rŋo	ro	RO	abvd	HEAR	abvd_44_tohear_1
sa	sa	SA	abvd	BAD OR EVIL	abvd_165_badevil_1
sari	sari	SARI	abvd	HUNT	abvd_69_tohunt_30
sarik	sarik	SARIK	abvd	SMALL	abvd_152_small_66
sefe	sefe	SEPE	abvd	WHAT	abvd_188_what_1
ser	ser	SER	abvd	FLOW	abvd_123_toflow_33
sfeki	sfeki	SPEKI	abvd	THROW	abvd_94_tothrow_89
si	si	SI	abvd	BLOW (OF WIND)	abvd_137_toblow_60
siuer	siuer	SIUER	abvd	WALK	abvd_5_towalk_102
su-ŋ	su	SU	abvd	BREAST	abvd_18_breast_1
sue	sue	SUE	abvd	WHERE	abvd_181_where_3
ta-ŋ	ta	TA	abvd	BLOOD	abvd_23_blood_1
tae	tae	TAE	abvd	CUT OR HACK	abvd_78_tocuthack_1
taen katilaŋ	taenkatila	TAENKATILA	abvd	CLOUD	abvd_131_cloud_3
taku-ŋ	taku	TAKU	abvd	BACK	abvd_13_back_12
talŋa-ŋ	tala	TALA	abvd	EAR	abvd_43_ear_1
tanu	tanu	TANU	abvd	SPIT	abvd_36_tospit_85
tape	tape	TAPE	abvd	HOLD	abvd_89_tohold_108
tar	tar	TAR	abvd	WHITE	abvd_148_white_12
tare	tare	TARE	abvd	TURN	abvd_8_toturn_38?
taueti-ŋ	taueti	TAUETI	abvd	BONE	-
te	te	TE	abvd	AND	abvd_192_and_30
tefa	tefa	TEPA	abvd	THUNDER	abvd_134_thunder_42
teŋa-ŋ	tea	TEA	abvd	BELLY	abvd_14_belly_60
ti-laŋ	tila	TILA	abvd	MOON	abvd_129_moon_8
tli	tli	TLI	abvd	SAY	abvd_64_tosay_117
toktan	toktan	TOKTAN	abvd	SIT	abvd_51_tosit_80
tomtom	tomtom	TOMTOM	abvd	SUCK	abvd_42_tosuck_50
ton	ton	TON	abvd	DUST	abvd_11_dust_45?
totot	totot	TOTOT	abvd	THINK	abvd_21_tothink_13
tua-ŋ	tua	TUA	abvd	FOOT OR LEG	abvd_4_legfoot_95
tuei	tuei	TUEI	abvd	OLD	abvd_162_old_1
tulen	tulen	TULEN	abvd	STAND	abvd_52_tostand_56
tutur	tutur	TUTUR	abvd	SEW	abvd_67_tosew_13
uaru	uaru	UARU	abvd	BIG	abvd_153_big_45
uile	uile	UILE	abvd	LEAF	abvd_114_leaf_45
us	us	US	abvd	RAIN (PRECIPITATION)	abvd_133_rain_1
watkas	watkas	WATKAS	abvd	FRUIT	abvd_117_fruit_1
weswes	weswes	WESWES	abvd	WORK (ACTIVITY)	abvd_83_towork_91
wi	wi	WI	abvd	GOOD	abvd_164_good_1
ŋe-ŋ	e	E	abvd	NAME	abvd_63_name_40
ŋerŋer	erer	ERER	abvd	DRY	abvd_140_dry_29
ŋot	ot	OT	abvd	BLACK	abvd_147_black_79
ŋusu-ŋ	usu	USU	abvd	NOSE	abvd_27_nose_1
