Word	IPA	SCA	Source	Concept_ID	Cognate_Set_ID
a	a	A	abvd	EAT	abvd_37_toeat_1
ahia	ahia	AHIA	abvd	ROTTEN	-
ai	ai	AI	abvd	FOOT OR LEG	abvd_4_legfoot_1
ale	ale	ALE	abvd	THOU	abvd_183_thou_4
ana	ana	ANA	abvd	CHILD	abvd_56_child_1
anin	anin	ANIN	abvd	WIND	abvd_136_wind_1
aroto	aroto	AROTO	abvd	DRY	-
aru-	aru	ARU	abvd	TAIL	abvd_105_tail_6
asepeʔe	asepeʔe	ASEPEHE	abvd	NARROW	-
asu	asu	ASU	abvd	DOG	abvd_96_dog_1
ateʔ	ateʔ	ATEH	abvd	THATCH OR ROOF	abvd_62_thatchroof_1
atolu	atolu	ATOLU	abvd	NIGHT	-
au	au	AU	abvd	FIRE	abvd_143_fire_1
au hoat	auhoat	AUHOAT	abvd	SMOKE (EXHAUST)	abvd_145_smoke_2?
aʔi	aʔi	AHI	abvd	SCRATCH	abvd_77_toscratch_1?
baŋka	baka	BAKA	abvd	SWELL	abvd_87_toswell_19
ele	ele	ELE	abvd	STAND	abvd_52_tostand_1
enu	enu	ENU	abvd	NECK	abvd_25_neck_79
esaʔ	esaʔ	ESAH	abvd	ONE	abvd_197_one_1
hala	hala	HALA	abvd	SHOULDER	abvd_19_shoulder_1
hata	hata	HATA	abvd	FOUR	abvd_200_four_1
hatai	hatai	HATAI	abvd	ASH	abvd_146_ashes_4
hatelu	hatelu	HATELU	abvd	THICK	abvd_157_thick_3
hatu	hatu	HATU	abvd	STONE	abvd_120_stone_1
hatua	hatua	HATUA	abvd	LIVER	abvd_17_liver_14
hatua walit	hatuawalit	HATUAWALIT	abvd	INTESTINES	abvd_16_intestines_8
haʔe	haʔe	HAHE	abvd	SPLIT	abvd_80_tosplit_37
haʔi	haʔi	HAHI	abvd	DIG	abvd_90_todig_25
hehe lehu	hehelehu	HEHELEHU	abvd	BELOW OR UNDER	abvd_176_below_6
helu	helu	HELU	abvd	NEW	abvd_163_new_1
heta	heta	HETA	abvd	CUT OR HACK	abvd_78_tocuthack_7
heʔe	heʔe	HEHE	abvd	FASTEN	abvd_66_totieupfasten_117
hia	hia	HIA	abvd	HIT	abvd_72_tohit_39
hihi	hihi	HIHI	abvd	MOUTH	abvd_30_mouth_1
horoʔe	horoʔe	HOROHE	abvd	GROW	-
hua-	hua	HUA	abvd	FRUIT	abvd_117_fruit_1
hulu	hulu	HULU	abvd	FEATHER	abvd_99_feather_1
huseʔ	huseʔ	HUSEH	abvd	BLOW (OF WIND)	abvd_137_toblow_38
huta	huta	HUTA	abvd	GRASS	abvd_118_grass_38
ian	ian	IAN	abvd	FISH	abvd_111_fish_1
ihat	ihat	IHAT	abvd	WING	abvd_100_wing_23
ikeʔ	ikeʔ	IKEH	abvd	TURN	-
ile	ile	ILE	abvd	HE OR SHE	abvd_184_heshe_3
ilu-	ilu	ILU	abvd	NOSE	abvd_27_nose_1
imi	imi	IMI	abvd	YOU	abvd_186_you_1
ina-	ina	INA	abvd	MOTHER	abvd_59_mother_1
inu	inu	INU	abvd	DRINK	abvd_40_todrink_1
isi	isi	ISI	abvd	FLESH OR MEAT	abvd_103_meatflesh_31
ite	ite	ITE	abvd	WE	abvd_185_we_1
itite	itite	ITITE	abvd	LIGHTNING	abvd_135_lightning_32
iŋ haʔo	ihaʔo	IHAHO	abvd	HOW	-
iŋ waʔo	iwaʔo	IWAHO	abvd	WHERE	-
iŋanesa	ianesa	IANESA	abvd	CORRECT (RIGHT)	abvd_166_correcttrue_27
jahat	jahat	YAHAT	abvd	BAD OR EVIL	abvd_165_badevil_1
kala	kala	KALA	abvd	FLOW	abvd_123_toflow_8
kalo	kalo	KALO	abvd	IF	abvd_193_if_14
kapa	kapa	KAPA	abvd	SHARP	abvd_81_sharp_45
kau	kau	KAU	abvd	RED	abvd_149_red_8
kele-	kele	KELE	abvd	FEAR (BE AFRAID)	abvd_22_tofear_24
keul	keul	KEUL	abvd	HAIR	abvd_26_hair_30
kula	kula	KULA	abvd	AND	abvd_192_and_5
kusu	kusu	KUSU	abvd	PAINFUL OR SICK	-
ladi	ladi	LADI	abvd	WORM	abvd_107_wormearthworm_1
lai	lai	LAI	abvd	COME	abvd_7_tocome_54
lala	lala	LALA	abvd	BLOOD	abvd_23_blood_1
lalan	lalan	LALAN	abvd	PATH OR ROAD	abvd_6_roadpath_1
lanit	lanit	LANIT	abvd	SKY	abvd_128_sky_1
lati	lati	LATI	abvd	SQUEEZE	-
lau	lau	LAU	abvd	FAR	abvd_180_far_1
lau-	lau	LAU	abvd	LEAF	abvd_114_leaf_1
lausu	lausu	LAUSU	abvd	NEEDLE (FOR SEWING)	-
lawalawa	lawalawa	LAWALAWA	abvd	SPIDER	abvd_110_spider_1
le	le	LE	abvd	AT	abvd_173_at_20
lete haha	letehaha	LETEHAHA	abvd	ABOVE	abvd_175_above_6
le|lale-li	lelaleli	LELALELI	abvd	IN	abvd_174_ininside_1
leʔe	leʔe	LEHE	abvd	HUNT	-
lihi napas	lihinapas	LIHINAPAS	abvd	BREATHE	abvd_28_tobreathe_29
lima	lima	LIMA	abvd	HAND	abvd_1_hand_1
loli	loli	LOLI	abvd	LIE DOWN	abvd_49_toliedown_4?
loto	loto	LOTO	abvd	WARM	-
lua	lua	LUA	abvd	TWO	abvd_198_two_1
luli	luli	LULI	abvd	BONE	abvd_15_bone_2
luma	luma	LUMA	abvd	HOUSE	abvd_61_house_1
mahai	mahai	MAHAI	abvd	BE ALIVE	abvd_76_tolivebealive_3
mahawa	mahawa	MAHAWA	abvd	YAWN	abvd_47_toyawn_19
mahina	mahina	MAHINA	abvd	FEMALE PERSON	abvd_55_womanfemale_1
malahaʔe	malahaʔe	MALAHAHE	abvd	RAT	abvd_102_rat_1
malaʔa	malaʔa	MALAHA	abvd	LAUGH	abvd_33_tolaugh_3
male	male	MALE	abvd	GREEN	abvd_151_green_6
malono	malono	MALONO	abvd	MALE PERSON	abvd_54_manmale_1
mama	mama	MAMA	abvd	CHEW	abvd_38_tochew_1
mamuta	mamuta	MAMUTA	abvd	VOMIT	abvd_35_tovomit_1
manahu	manahu	MANAHU	abvd	FALL	abvd_95_tofall_1
mani	mani	MANI	abvd	DREAM (SOMETHING)	abvd_50_todream_1
maniʔi	maniʔi	MANIHI	abvd	THIN	abvd_156_thin_1
manu	manu	MANU	abvd	BIRD	abvd_97_bird_1
manusia	manusia	MANUSIA	abvd	PERSON	-
masu	masu	MASU	abvd	NEAR	abvd_179_near_6
mata	mata	MATA	abvd	EYE	abvd_45_eye_1
matua	matua	MATUA	abvd	OLD	abvd_162_old_1
mei	mei	MEI	abvd	TONGUE	abvd_32_tongue_7
meite	meite	MEITE	abvd	SEA	abvd_124_sea_9
mete	mete	METE	abvd	BLACK	abvd_147_black_1
mina	mina	MINA	abvd	FAT (ORGANIC SUBSTANCE)	abvd_104_fatgrease_1
momo	momo	MOMO	abvd	SUCK	-
moso	moso	MOSO	abvd	GOOD	-
muli	muli	MULI	abvd	BACK	abvd_13_back_3
nala	nala	NALA	abvd	NAME	abvd_63_name_1
nalin	nalin	NALIN	abvd	STAR	-
nanu	nanu	NANU	abvd	SWIM	abvd_9_toswim_1
nde	nde	NDE	abvd	THIS	abvd_177_this_27
nela	nela	NELA	abvd	BIG	abvd_153_big_8?
nia	nia	NIA	abvd	SNAKE	abvd_106_snake_1
niki	niki	NIKI	abvd	TOOTH	abvd_31_tooth_1
nulanitai	nulanitai	NULANITAI	abvd	MOON	abvd_129_moon_1
oi	oi	OI	abvd	WALK	abvd_5_towalk_26
oro	oro	ORO	abvd	BITE	-
pahanene	pahanene	PAHANENE	abvd	HEAR	abvd_44_tohear_1
pahanisu	pahanisu	PAHANISU	abvd	SMELL (PERCEIVE)	-
pahuni	pahuni	PAHUNI	abvd	HIDE	abvd_171_tohide_1
pahuʷana	pahuana	PAHUANA	abvd	RIGHT	abvd_3_right_1
pahuʷeʔe	pahueʔe	PAHUEHE	abvd	LEFT	-
palahe	palahe	PALAHE	abvd	SEE	-
palole	palole	PALOLE	abvd	STEAL	abvd_73_tosteal_30
pamate	pamate	PAMATE	abvd	KILL	abvd_74_tokill_2
papa-	papa	PAPA	abvd	FATHER	abvd_60_father_48
pariki	pariki	PARIKI	abvd	COLD	abvd_139_cold_38
pasanai	pasanai	PASANAI	abvd	SEW	-
pasomi	pasomi	PASOMI	abvd	SHY OR ASHAMED	abvd_161_shyashamed_2
pata	pata	PATA	abvd	WET	abvd_141_wet_33
patahia	patahia	PATAHIA	abvd	SAY	-
paʔatoi	paʔatoi	PAHATOI	abvd	BLUNT	-
paʔatone	paʔatone	PAHATONE	abvd	DIRTY	-
paʔut	paʔut	PAHUT	abvd	FLOWER	-
petu	petu	PETU	abvd	DAY (NOT NIGHT)	abvd_168_day_4
petu ila	petuila	PETUILA	abvd	WHEN	abvd_170_when_1
pikir	pikir	PIKIR	abvd	THINK	abvd_21_tothink_22
pili	pili	PILI	abvd	CHOOSE	abvd_85_tochoose_1
polo	polo	POLO	abvd	YELLOW	abvd_150_yellow_5?
poro	poro	PORO	abvd	SHORT	abvd_154_short_45
punau	punau	PUNAU	abvd	COOK (SOMETHING)	abvd_39_tocook_3
puti	puti	PUTI	abvd	WHITE	abvd_148_white_1
rekeŋ	reke	REKE	abvd	COUNT	abvd_196_tocount_39
sahane	sahane	SAHANE	abvd	OTHER	-
sahi	sahi	SAHI	abvd	BUY	abvd_91_tobuy_3
sahut	sahut	SAHUT	abvd	CLOUD	abvd_131_cloud_55
sale	sale	SALE	abvd	WHAT	-
sana-	sana	SANA	abvd	BRANCH	abvd_113_branch_2
saʔa	saʔa	SAHA	abvd	CLIMB	abvd_172_toclimb_2
sia	sia	SIA	abvd	WHO	abvd_189_who_1
siha	siha	SIHA	abvd	OPEN	abvd_92_toopenuncover_4
sile	sile	SILE	abvd	THEY	abvd_187_they_1
sipa	sipa	SIPA	abvd	STAB	abvd_71_tostabpierce_5
sisiŋ ela	sisiela	SISIELA	abvd	WIDE	-
sta	sta	STA	abvd	LONG	-
susu	susu	SUSU	abvd	BREAST	abvd_18_breast_1
tahula	tahula	TAHULA	abvd	SPIT	abvd_36_tospit_9
talaga	talaga	TALAGA	abvd	LAKE	-
tani	tani	TANI	abvd	PLANT (SOMETHING)	abvd_84_toplant_2
tarina	tarina	TARINA	abvd	EAR	abvd_43_ear_1
tatani	tatani	TATANI	abvd	CRY	abvd_34_tocry_1
taʔi	taʔi	TAHI	abvd	WORK (ACTIVITY)	abvd_83_towork_77
tele	tele	TELE	abvd	SLEEP	-
telu	telu	TELU	abvd	THREE	abvd_199_three_1
teri	teri	TERI	abvd	THROW	abvd_94_tothrow_49
teru	teru	TERU	abvd	EGG	abvd_98_egg_1
tewa	tewa	TEWA	abvd	KNOW (SOMETHING)	abvd_20_toknowbeknowledgeable_39
teʔen	teʔen	TEHEN	abvd	NO OR NOT	-
tia	tia	TIA	abvd	BELLY	abvd_14_belly_1
tihu	tihu	TIHU	abvd	FLY (MOVE THROUGH AIR)	abvd_101_tofly_6
tolo	tolo	TOLO	abvd	SIT	-
tona tain	tonatain	TONATAIN	abvd	DUST	-
tunu	tunu	TUNU	abvd	SHOOT	abvd_70_toshoot_20
tutu	tutu	TUTU	abvd	POUND	abvd_93_topoundbeat_20
tuʔi	tuʔi	TUHI	abvd	SMALL	-
uasi	uasi	UASI	abvd	SALT	abvd_125_salt_3
ulan	ulan	ULAN	abvd	RAIN (PRECIPITATION)	abvd_133_rain_1
uli	uli	ULI	abvd	SKIN	abvd_12_skin_1
ulu hatu	uluhatu	ULUHATU	abvd	HEAD	abvd_24_head_1
ume	ume	UME	abvd	EARTH (SOIL)	abvd_119_earthsoil_46
umute	umute	UMUTE	abvd	MOSQUITO	abvd_109_mosquito_7?
usi	usi	USI	abvd	ALL	-
utu	utu	UTU	abvd	LOUSE	abvd_108_louse_1
uʔul	uʔul	UHUL	abvd	THUNDER	abvd_134_thunder_11
wael	wael	WAEL	abvd	WATER	abvd_122_water_2
walit	walit	WALIT	abvd	ROPE	abvd_65_rope_2
wasi	wasi	WASI	abvd	FOREST	abvd_127_woodsforest_9
waʔat	waʔat	WAHAT	abvd	ROOT	abvd_115_root_2
yami	yami	UAMI	abvd	WE	abvd_185_we_2
yau	yau	UAU	abvd	I	abvd_182_i_1
ɲa	ɲa	NA	abvd	THAT	abvd_178_that_1
