Word	IPA	SCA	Source	Concept_ID	Cognate_Set_ID
a-fi	afi	API	abvd	FIRE	abvd_143_fire_1
abage	abage	ABAGE	abvd	SHOULDER	abvd_19_shoulder_1
abbing	abbing	ABBING	abvd	CHILD	abvd_56_child_21
addug	addug	ADDUG	abvd	THUNDER	abvd_134_thunder_2
agal	agal	AGAL	abvd	LIVER	abvd_17_liver_16
aggaw	aggaw	AGGAW	abvd	DAY (NOT NIGHT)	abvd_168_day_1
alawa	alawa	ALAWA	abvd	WIDE	abvd_159_wide_1
alinno-c	alinnoc	ALINNOK	abvd	SHORT	abvd_154_short_89
anna	anna	ANNA	abvd	AND	-
annam	annam	ANNAM	abvd	SIX	abvd_202_six_1
anni	anni	ANNI	abvd	WHAT	abvd_188_what_24
apaddu	apaddu	APADDU	abvd	LONG	abvd_155_long_1
appa-c	appac	APPAK	abvd	FOUR	abvd_200_four_1
aranni	aranni	ARANNI	abvd	NEAR	abvd_179_near_1
arayyu	arayyu	ARAUUU	abvd	FAR	abvd_180_far_1
ari	ari	ARI	abvd	NO OR NOT	abvd_195_nonot_1
asin	asin	ASIN	abvd	SALT	abvd_125_salt_3
atawa	atawa	ATAWA	abvd	HUSBAND	abvd_57_husband_2
ato-c	atoc	ATOK	abvd	THATCH OR ROOF	abvd_62_thatchroof_1
atu-c	atuc	ATUK	abvd	SMOKE (EXHAUST)	abvd_145_smoke_2
avu	avu	ABU	abvd	ASH	abvd_146_ashes_1
babay	babay	BABAU	abvd	FEMALE PERSON	abvd_55_womanfemale_1
baddi-c	baddic	BADDIK	abvd	SMALL	abvd_152_small_31
bagu	bagu	BAGU	abvd	NEW	abvd_163_new_1
balakag	balakag	BALAKAG	abvd	RAT	abvd_102_rat_41
balay	balay	BALAU	abvd	HOUSE	abvd_61_house_14
batu	batu	BATU	abvd	STONE	abvd_120_stone_1
bebay	bebay	BEBAU	abvd	SEA	abvd_124_sea_28
billa-c	billac	BILLAK	abvd	STICK	-
bitun	bitun	BITUN	abvd	STAR	abvd_130_star_1
caralang	caralang	KARALANG	abvd	WORM	-
caralong	caralong	KARALONG	abvd	NECK	-
daga	daga	DAGA	abvd	BLOOD	abvd_23_blood_1
daga-c	dagac	DAGAK	abvd	SAND	abvd_121_sand_36
dagum	dagum	DAGUM	abvd	NEEDLE (FOR SEWING)	abvd_68_needle_1
dagun	dagun	DAGUN	abvd	YEAR	abvd_169_year_43
dakal	dakal	DAKAL	abvd	BIG	abvd_153_big_22
dalan	dalan	DALAN	abvd	PATH OR ROAD	abvd_6_roadpath_1
danum	danum	DANUM	abvd	WATER	abvd_122_water_1
davvun	davvun	DABBUN	abvd	EARTH (SOIL)	abvd_119_earthsoil_36
don	don	DON	abvd	LEAF	abvd_114_leaf_1
duddu-c	dudduc	DUDDUK	abvd	FEATHER	abvd_99_feather_15
duwa	duwa	DUWA	abvd	TWO	abvd_198_two_1
duwafulo	duwafulo	DUWAPULO	abvd	TWENTY	abvd_207_twenty_3
fu-raw	furaw	PURAW	abvd	WHITE	abvd_148_white_3
fung-ngo-c	fungngoc	PUNGNGOK	abvd	FOG	-
ga-mu-c	gamuc	GAMUK	abvd	ROOT	abvd_115_root_3
gabi	gabi	GABI	abvd	NIGHT	abvd_167_night_21
gav-vu-e	gavvue	GABBUE	abvd	DUST	abvd_11_dust_1?
gukag	gukag	GUKAG	abvd	BELOW OR UNDER	abvd_176_below_30
ifu-c	ifuc	IPUK	abvd	TAIL	abvd_105_tail_30
igung	igung	IGUNG	abvd	NOSE	abvd_27_nose_1
illug	illug	ILLUG	abvd	EGG	abvd_98_egg_1
ira	ira	IRA	abvd	THEY	abvd_187_they_1
iraw	iraw	IRAW	abvd	SNAKE	abvd_106_snake_2
kad-do-c	kaddoc	KADDOK	abvd	GRASS	abvd_118_grass_2
kakayuwan	kakayuwan	KAKAUUWAN	abvd	FOREST	abvd_127_woodsforest_2
karwan	karwan	KARWAN	abvd	OTHER	abvd_190_other_31
kila-kila-c	kilakilac	KILAKILAK	abvd	LIGHTNING	abvd_135_lightning_1
kitu	kitu	KITU	abvd	DOG	abvd_96_dog_49
kuman	kuman	KUMAN	abvd	EAT	abvd_37_toeat_1
kunasi	kunasi	KUNASI	abvd	HOW	abvd_194_how_1
kurug	kurug	KURUG	abvd	CORRECT (RIGHT)	abvd_166_correcttrue_83
kutu	kutu	KUTU	abvd	LOUSE	abvd_108_louse_1
lakay	lakay	LAKAU	abvd	OLD	abvd_162_old_20
lalaki	lalaki	LALAKI	abvd	MALE PERSON	abvd_54_manmale_2
lamu-c	lamuc	LAMUK	abvd	MOSQUITO	abvd_109_mosquito_1
langi-c	langic	LANGIK	abvd	SKY	abvd_128_sky_1
lappaw	lappaw	LAPPAW	abvd	FLOWER	abvd_116_flower_27
licug	licug	LIKUG	abvd	BACK	abvd_13_back_1
lima	lima	LIMA	abvd	HAND	abvd_1_hand_1
limafulo	limafulo	LIMAPULO	abvd	FIFTY	abvd_208_fifty_1
lita	lita	LITA	abvd	LOUSE	-
lubig	lubig	LUBIG	abvd	ROPE	abvd_65_rope_21
mabbago	mabbago	MABBAGO	abvd	SWELL	-
mabbayu	mabbayu	MABBAUU	abvd	POUND	abvd_93_topoundbeat_1
mabbilang	mabbilang	MABBILANG	abvd	COUNT	abvd_196_tocount_1
mac-cagui	maccagui	MAKKAGUI	abvd	SAY	abvd_64_tosay_177
macammu-c	macammuc	MAKAMMUK	abvd	KNOW (SOMETHING)	abvd_20_toknowbeknowledgeable_25
macattag	macattag	MAKATTAG	abvd	CUT OR HACK	abvd_78_tocuthack_88
macc-co-cco-c	macccoccoc	MAKKKOKKOK	abvd	DIG	abvd_90_todig_13
maccabbang	maccabbang	MAKKABBANG	abvd	SCRATCH	abvd_77_toscratch_26
maccaga-c	maccagac	MAKKAGAK	abvd	BITE	abvd_41_tobite_1
maccagag	maccagag	MAKKAGAG	abvd	FLY (MOVE THROUGH AIR)	-
maccoco-c	maccococ	MAKKOKOK	abvd	STEAL	abvd_73_tosteal_25
madam-mo-c	madammoc	MADAMMOK	abvd	HEAVY	abvd_142_heavy_22
madan-na	madanna	MADANNA	abvd	FALL	abvd_95_tofall_54
madapíng	madapng	MADAPNG	abvd	DIRTY	abvd_10_dirty_54
maddague-c	maddaguec	MADDAGUEK	abvd	SEW	abvd_67_tosew_2
madduddug	madduddug	MADDUDDUG	abvd	STAB	abvd_71_tostabpierce_41
mae-catrug	maecatrug	MAEKATRUG	abvd	SLEEP	abvd_48_tosleep_1
mafulo	mafulo	MAPULO	abvd	TEN	abvd_206_ten_5
magagi-c	magagic	MAGAGIK	abvd	FLOW	-
magaguc	magaguc	MAGAGUK	abvd	SMELL (PERCEIVE)	abvd_29_tosniffsmell_35
maganas-sing	maganassing	MAGANASSING	abvd	FEAR (BE AFRAID)	abvd_22_tofear_36
magatu	magatu	MAGATU	abvd	HUNDRED	abvd_209_onehundred_4
magg-gairawac	magggairawac	MAGGGAIRAWAK	abvd	YAWN	-
maggalo-c	maggaloc	MAGGALOK	abvd	LAUGH	abvd_33_tolaugh_35
maggalu-c	maggaluc	MAGGALUK	abvd	FASTEN	abvd_66_totieupfasten_109
maggatang	maggatang	MAGGATANG	abvd	BUY	abvd_91_tobuy_21
magginna	magginna	MAGGINNA	abvd	HEAR	abvd_44_tohear_14
magidda	magidda	MAGIDDA	abvd	LIE DOWN	abvd_49_toliedown_19
maginango-c	maginangoc	MAGINANGOK	abvd	BREATHE	-
magitubang	magitubang	MAGITUBANG	abvd	SIT	abvd_51_tosit_140
maguta	maguta	MAGUTA	abvd	VOMIT	abvd_35_tovomit_1
makabbal	makabbal	MAKABBAL	abvd	THIN	-
makannag	makannag	MAKANNAG	abvd	THICK	abvd_157_thick_33
makkalay	makkalay	MAKKALAU	abvd	CLIMB	abvd_172_toclimb_17
mal-lacag	mallacag	MALLAKAG	abvd	WALK	abvd_5_towalk_40
mal-leccu	malleccu	MALLEKKU	abvd	TURN	abvd_8_toturn_21
mal-lusak	mallusak	MALLUSAK	abvd	SPIT	abvd_36_tospit_29
malam-min	malammin	MALAMMIN	abvd	COLD	abvd_139_cold_22
mallutu	mallutu	MALLUTU	abvd	COOK (SOMETHING)	abvd_39_tocook_20
mamanu-c	mamanuc	MAMANUK	abvd	BIRD	abvd_97_bird_1
mammula	mammula	MAMMULA	abvd	PLANT (SOMETHING)	abvd_84_toplant_1
manga-nù-c	manganc	MANGANK	abvd	HUNT	abvd_69_tohunt_1
mangitagu	mangitagu	MANGITAGU	abvd	HIDE	abvd_171_tohide_13
mangngang-ngo-c	mangngangngoc	MANGNGANGNGOK	abvd	CHEW	abvd_38_tochew_52
mangurál	mangurl	MANGURL	abvd	BLUNT	abvd_82_dullblunt_40
manolay	manolay	MANOLAU	abvd	BE ALIVE	abvd_76_tolivebealive_72
mappalu-c	mappaluc	MAPPALUK	abvd	HIT	abvd_72_tohit_1
mappana	mappana	MAPPANA	abvd	SHOOT	abvd_70_toshoot_1
mappanono-c	mappanonoc	MAPPANONOK	abvd	THINK	abvd_21_tothink_70
mappatay	mappatay	MAPPATAU	abvd	KILL	abvd_74_tokill_2
mappazzi	mappazzi	MAPPASSI	abvd	SQUEEZE	-
mappili	mappili	MAPPILI	abvd	CHOOSE	abvd_85_tochoose_1
mapya	mapya	MAPUA	abvd	GOOD	abvd_164_good_1
marake-c	marakec	MARAKEK	abvd	BAD OR EVIL	abvd_165_badevil_1
marapíng	marapng	MARAPNG	abvd	DIRTY	abvd_10_dirty_54
marit-ta	maritta	MARITTA	abvd	DIRTY	-
marivu	marivu	MARIBU	abvd	THOUSAND	abvd_210_onethousand_5
mas-su-c	massuc	MASSUK	abvd	BLOW (OF WIND)	-
massingan	massingan	MASSINGAN	abvd	SEE	abvd_46_tosee_33
mat-tañao	mattaao	MATTAAO	abvd	SWIM	-
mat-trabaho	mattrabaho	MATTRABAHO	abvd	WORK (ACTIVITY)	abvd_83_towork_103
mat-tuggi	mattuggi	MATTUGGI	abvd	BURN	abvd_144_toburn_33
mata	mata	MATA	abvd	EYE	abvd_45_eye_1
mataki-c	matakic	MATAKIK	abvd	PAINFUL OR SICK	abvd_160_painfulsick_1
matammi-c	matammic	MATAMMIK	abvd	HOLD	abvd_89_tohold_96
matarám	matarm	MATARM	abvd	SHARP	abvd_81_sharp_1
matay	matay	MATAU	abvd	BE DEAD OR DIE	abvd_75_todiebedead_1
mattabo-c	mattaboc	MATTABOK	abvd	THROW	abvd_94_tothrow_45
mattangi-c	mattangic	MATTANGIK	abvd	CRY	abvd_34_tocry_1
mattatageno-c	mattatagenoc	MATTATAGENOK	abvd	DREAM (SOMETHING)	abvd_50_todream_30
mattuvu	mattuvu	MATTUBU	abvd	GROW	abvd_86_togrow_1
mavvuca-c	mavvucac	MABBUKAK	abvd	OPEN	abvd_92_toopenuncover_1
minappasiran	minappasiran	MINAPPASIRAN	abvd	SHY OR ASHAMED	abvd_161_shyashamed_24
nabadyu	nabadyu	NABADUU	abvd	ROTTEN	-
nabasa	nabasa	NABASA	abvd	WET	abvd_141_wet_1
namaga	namaga	NAMAGA	abvd	DRY	abvd_140_dry_26
napatu	napatu	NAPATU	abvd	WARM	abvd_138_warm_26
navanno	navanno	NABANNO	abvd	ROTTEN	-
navonno	navonno	NABONNO	abvd	ROTTEN	-
ngagan	ngagan	NGAGAN	abvd	NAME	abvd_63_name_1
ngamin	ngamin	NGAMIN	abvd	ALL	abvd_191_all_1
ngi-si-c	ngisic	NGISIK	abvd	BLACK	abvd_147_black_17
ngila	ngila	NGILA	abvd	YELLOW	abvd_150_yellow_36
ngipan	ngipan	NGIPAN	abvd	TOOTH	abvd_31_tooth_1
nu	nu	NU	abvd	IF	abvd_193_if_2
pa-ya-c	payac	PAUAK	abvd	WING	abvd_100_wing_33
pad-dag	paddag	PADDAG	abvd	WIND	abvd_136_wind_27
paggaddua	paggaddua	PAGGADDUA	abvd	SPLIT	-
panga	panga	PANGA	abvd	BRANCH	abvd_113_branch_22
pitu	pitu	PITU	abvd	SEVEN	abvd_203_seven_1
sakan	sakan	SAKAN	abvd	I	abvd_182_i_1
san	san	SAN	abvd	BELLY	abvd_14_belly_50
sikami	sikami	SIKAMI	abvd	WE	abvd_185_we_2
sikaw	sikaw	SIKAW	abvd	THOU	abvd_183_thou_1
simu-c	simuc	SIMUK	abvd	MOUTH	abvd_30_mouth_33
sinay	sinay	SINAU	abvd	INTESTINES	abvd_16_intestines_1
sinni	sinni	SINNI	abvd	WHO	abvd_189_who_14
sira	sira	SIRA	abvd	FISH	abvd_111_fish_18
sitaw	sitaw	SITAW	abvd	WHERE	abvd_181_where_27
sittam	sittam	SITTAM	abvd	WE	abvd_185_we_1
siyam	siyam	SIUAM	abvd	NINE	abvd_205_nine_9
so-c	soc	SOK	abvd	I	abvd_182_i_1
sonu anni	sonuanni	SONUANNI	abvd	WHEN	abvd_170_when_10
susu-	susu	SUSU	abvd	BREAST	abvd_18_breast_1
sús-súp-pán	sssppn	SSSPPN	abvd	SUCK	abvd_42_tosuck_1
ta	ta	TA	abvd	AT	abvd_173_at_14
tab-bi-c	tabbic	TABBIK	abvd	SKIN	abvd_12_skin_40
tac-ci	tacci	TAKKI	abvd	FOOT OR LEG	abvd_4_legfoot_70
tadday	tadday	TADDAU	abvd	ONE	abvd_197_one_1
taggalawa	taggalawa	TAGGALAWA	abvd	SPIDER	abvd_110_spider_1
talinga	talinga	TALINGA	abvd	EAR	abvd_43_ear_1
tallu	tallu	TALLU	abvd	THREE	abvd_199_three_1
tanakwan	tanakwan	TANAKWAN	abvd	OTHER	abvd_190_other_34
tolay	tolay	TOLAU	abvd	PERSON	abvd_53_personhumanbeing_1
tu-llang	tullang	TULLANG	abvd	BONE	abvd_15_bone_1
tumaddag	tumaddag	TUMADDAG	abvd	STAND	abvd_52_tostand_85
ulu-c	uluc	ULUK	abvd	HEAD	abvd_24_head_1
umaranni	umaranni	UMARANNI	abvd	COME	-
uminum	uminum	UMINUM	abvd	DRINK	abvd_40_todrink_1
unag	unag	UNAG	abvd	IN	abvd_174_ininside_16
uran	uran	URAN	abvd	RAIN (PRECIPITATION)	abvd_133_rain_1
utun	utun	UTUN	abvd	ABOVE	abvd_175_above_13
uzzin	uzzin	USSIN	abvd	RED	abvd_149_red_45
vu-c	vuc	BUK	abvd	HAIR	abvd_26_hair_1
vulan	vulan	BULAN	abvd	MOON	abvd_129_moon_1
vunga	vunga	BUNGA	abvd	FRUIT	abvd_117_fruit_9
walu	walu	WALU	abvd	EIGHT	abvd_204_eight_3
yama	yama	UAMA	abvd	FATHER	abvd_60_father_1
yari	yari	UARI	abvd	THAT	abvd_178_that_56
yaw	yaw	UAW	abvd	THIS	abvd_177_this_35
yawe	yawe	UAWE	abvd	THIS	abvd_177_this_35
yayya	yayya	UAUUA	abvd	HE OR SHE	abvd_184_heshe_1
yena	yena	UENA	abvd	MOTHER	abvd_59_mother_1
yori	yori	UORI	abvd	THAT	abvd_178_that_49
zila	zila	SILA	abvd	TONGUE	abvd_32_tongue_4
zimigui	zimigui	SIMIGUI	abvd	LEFT	abvd_2_left_35
ziwanan	ziwanan	SIWANAN	abvd	RIGHT	abvd_3_right_1
