Word	IPA	SCA	Source	Concept_ID	Cognate_Set_ID
*búŋa	ba	BA	abvd	FRUIT	abvd_117_fruit_9
ababbá	ababb	ABABB	abvd	SHORT	abvd_154_short_54
abaha	abaha	ABAHA	abvd	SHOULDER	abvd_19_shoulder_1
abbing	abbing	ABBING	abvd	CHILD	abvd_56_child_21
abbíŋ	abb	ABB	abvd	CHILD	abvd_56_child_21
abábba	abbba	ABBBA	abvd	SHORT	abvd_154_short_54
abáha	abha	ABHA	abvd	SHOULDER	abvd_19_shoulder_1
adaddú	adadd	ADADD	abvd	LONG	abvd_155_long_1
adanní	adann	ADANN	abvd	NEAR	abvd_179_near_1
adayyu	adayyu	ADAUUU	abvd	FAR	abvd_180_far_1
addúg	addg	ADDG	abvd	THUNDER	abvd_134_thunder_2
afafuk	afafuk	APAPUK	abvd	FOG	-
afi	afi	API	abvd	FIRE	abvd_143_fire_1
afí	af	AP	abvd	FIRE	abvd_143_fire_1
agal	agal	AGAL	abvd	LIVER	abvd_17_liver_16
aggidá	aggid	AGGID	abvd	THEY	abvd_187_they_1
agginá	aggin	AGGIN	abvd	HE OR SHE	abvd_184_heshe_37
aggʌs	aggʌs	AGGS	abvd	WORM	abvd_107_wormearthworm_76
agtáy	agty	AGTU	abvd	LIVER	abvd_17_liver_1
agál	agl	AGL	abvd	LIVER	abvd_17_liver_16
ahu	ahu	AHU	abvd	ASH	abvd_146_ashes_1
ahuk	ahuk	AHUK	abvd	HAIR	abvd_26_hair_1
ahú	ah	AH	abvd	ASH	abvd_146_ashes_1
ahúk	ahk	AHK	abvd	HAIR	abvd_26_hair_1
algaw	algaw	ALGAW	abvd	DAY (NOT NIGHT)	abvd_168_day_1
alipat	alipat	ALIPAT	abvd	WORM	-
alípat	alpat	ALPAT	abvd	WORM	-
ama	ama	AMA	abvd	FATHER	abvd_60_father_1
amin	amin	AMIN	abvd	ALL	abvd_191_all_1
ammwán	ammwn	AMMWN	abvd	KNOW (SOMETHING)	abvd_20_toknowbeknowledgeable_25
ammú	amm	AMM	abvd	KNOW (SOMETHING)	abvd_20_toknowbeknowledgeable_25
amá	am	AM	abvd	FATHER	abvd_60_father_1
anaddú	anadd	ANADD	abvd	LONG	abvd_155_long_1
angin	angin	ANGIN	abvd	WIND	abvd_136_wind_1
annam	annam	ANNAM	abvd	SIX	abvd_202_six_1
annanúʔ	annanʔ	ANNANH	abvd	BIRD	abvd_97_bird_1
annám	annm	ANNM	abvd	SIX	abvd_202_six_1
annʌm	annʌm	ANNM	abvd	SIX	abvd_202_six_1
anuŋáy	anuy	ANUU	abvd	WHEN	-
apiddu	apiddu	APIDDU	abvd	LONG	abvd_155_long_1
appat	appat	APPAT	abvd	FOUR	abvd_200_four_1
appát	appt	APPT	abvd	FOUR	abvd_200_four_1
apúy	apy	APU	abvd	FIRE	abvd_143_fire_1
aranni	aranni	ARANNI	abvd	NEAR	abvd_179_near_1
aranní	arann	ARANN	abvd	NEAR	abvd_179_near_1
arayyu	arayyu	ARAUUU	abvd	FAR	abvd_180_far_1
arayyú	arayy	ARAUU	abvd	FAR	abvd_180_far_1
aren	aren	AREN	abvd	AND	-
asin	asin	ASIN	abvd	SALT	abvd_125_salt_3
asín	asn	ASN	abvd	SALT	abvd_125_salt_3
asú	as	AS	abvd	DOG	abvd_96_dog_1
asúl	asl	ASL	abvd	GREEN	-
asúʔ	asʔ	ASH	abvd	SMOKE (EXHAUST)	abvd_145_smoke_2
atap	atap	ATAP	abvd	THATCH OR ROOF	abvd_62_thatchroof_1
atawa	atawa	ATAWA	abvd	HUSBAND	abvd_57_husband_2
atazzit	atazzit	ATASSIT	abvd	NARROW	-
atazít	atazt	ATAST	abvd	NARROW	-
atu	atu	ATU	abvd	DOG	abvd_96_dog_1
atáp	atp	ATP	abvd	THATCH OR ROOF	abvd_62_thatchroof_1
atáwa	atwa	ATWA	abvd	HUSBAND	abvd_57_husband_2
atúk	atk	ATK	abvd	SMOKE (EXHAUST)	abvd_145_smoke_2
awan	awan	AWAN	abvd	NO OR NOT	abvd_195_nonot_36
awán	awn	AWN	abvd	NO OR NOT	abvd_195_nonot_36
aŋʌp	aʌp	AP	abvd	FOG	-
babay	babay	BABAU	abvd	FEMALE PERSON	abvd_55_womanfemale_1
babbay	babbay	BABBAU	abvd	SEA	abvd_124_sea_28
babáy	baby	BABU	abvd	FEMALE PERSON	abvd_55_womanfemale_1
bagú	bag	BAG	abvd	NEW	abvd_163_new_1
bahu	bahu	BAHU	abvd	NEW	abvd_163_new_1
bahú	bah	BAH	abvd	NEW	abvd_163_new_1
balai	balai	BALAI	abvd	HOUSE	abvd_61_house_14
balakad	balakad	BALAKAD	abvd	RAT	abvd_102_rat_41
balakád	balakd	BALAKD	abvd	RAT	abvd_102_rat_41
baláy	baly	BALU	abvd	HOUSE	abvd_61_house_14
banʌg	banʌg	BANG	abvd	BACK	abvd_13_back_45
batu	batu	BATU	abvd	STONE	abvd_120_stone_1
batú	bat	BAT	abvd	STONE	abvd_120_stone_1
be dyan na	bedyanna	BEDUANNA	abvd	WHERE	abvd_181_where_1
bissang	bissang	BISSANG	abvd	SMALL	abvd_152_small_147
bissáng	bissng	BISSNG	abvd	SMALL	abvd_152_small_147
bittiʔ	bittiʔ	BITTIH	abvd	SMALL	abvd_152_small_31
bittwʌn	bittwʌn	BITTWN	abvd	STAR	abvd_130_star_1
bitúka	bitka	BITKA	abvd	INTESTINES	abvd_16_intestines_21
biyuka	biyuka	BIUUKA	abvd	INTESTINES	-
bukasan	bukasan	BUKASAN	abvd	OPEN	abvd_92_toopenuncover_1
buʔ	buʔ	BUH	abvd	HAIR	abvd_26_hair_1
buʔlaw	buʔlaw	BUHLAW	abvd	NECK	abvd_25_neck_75
bébay	bbay	BBAU	abvd	SEA	abvd_124_sea_28
bíttwan	bttwan	BTTWAN	abvd	STAR	abvd_130_star_1
bʌbáy	bʌby	BBU	abvd	FEMALE PERSON	abvd_55_womanfemale_1
dagat	dagat	DAGAT	abvd	SAND	abvd_121_sand_36
daggaŋ	dagga	DAGGA	abvd	RED	abvd_149_red_103
dagum	dagum	DAGUM	abvd	NEEDLE (FOR SEWING)	abvd_68_needle_1
dagún	dagn	DAGN	abvd	YEAR	abvd_169_year_43
daha	daha	DAHA	abvd	BLOOD	abvd_23_blood_1
dahá	dah	DAH	abvd	BLOOD	abvd_23_blood_1
dahún	dahn	DAHN	abvd	YEAR	abvd_169_year_43
dakal	dakal	DAKAL	abvd	BIG	abvd_153_big_22
dakál	dakl	DAKL	abvd	BIG	abvd_153_big_22
dakʌl	dakʌl	DAKL	abvd	BIG	abvd_153_big_22
dalan	dalan	DALAN	abvd	PATH OR ROAD	abvd_6_roadpath_1
danum	danum	DANUM	abvd	WATER	abvd_122_water_1
danúm	danm	DANM	abvd	WATER	abvd_122_water_1
dapan	dapan	DAPAN	abvd	FOOT OR LEG	abvd_4_legfoot_104
darangganng	darangganng	DARANGGANNG	abvd	EAR	abvd_43_ear_54
daránggang	darnggang	DARNGGANG	abvd	EAR	abvd_43_ear_54
dawinan	dawinan	DAWINAN	abvd	RIGHT	abvd_3_right_1
don	don	DON	abvd	LEAF	abvd_114_leaf_1
dua	dua	DUA	abvd	TWO	abvd_198_two_1
dua fulu	duafulu	DUAPULU	abvd	TWENTY	abvd_207_twenty_3
dudut	dudut	DUDUT	abvd	FEATHER	abvd_99_feather_15
dudút	dudt	DUDT	abvd	FEATHER	abvd_99_feather_15
dumakal	dumakal	DUMAKAL	abvd	GROW	-
dutdut	dutdut	DUTDUT	abvd	FEATHER	abvd_99_feather_15
duwa	duwa	DUWA	abvd	TWO	abvd_198_two_1
duwafulu	duwafulu	DUWAPULU	abvd	TWENTY	abvd_207_twenty_3
duwapulu	duwapulu	DUWAPULU	abvd	TWENTY	abvd_207_twenty_3
duwwá	duww	DUWW	abvd	TWO	abvd_198_two_1
duwá	duw	DUW	abvd	WE	-
dyanna	dyanna	DUANNA	abvd	WHERE	abvd_181_where_1
dábun	dbun	DBUN	abvd	ASH	-
dága	dga	DGA	abvd	BLOOD	abvd_23_blood_1
dáhum	dhum	DHUM	abvd	NEEDLE (FOR SEWING)	abvd_68_needle_1
dálan	dlan	DLAN	abvd	PATH OR ROAD	abvd_6_roadpath_1
díla	dla	DLA	abvd	TONGUE	abvd_32_tongue_4
dílis	dlis	DLIS	abvd	FISH	-
en	en	EN	abvd	AND	-
furaw	furaw	PURAW	abvd	WHITE	abvd_148_white_3
futún	futn	PUTN	abvd	BELLY	abvd_14_belly_52
fúraw	fraw	PRAW	abvd	WHITE	abvd_148_white_3
gabi	gabi	GABI	abvd	NIGHT	abvd_167_night_21
gabuʔ	gabuʔ	GABUH	abvd	DUST	abvd_11_dust_1
gabí	gab	GAB	abvd	NIGHT	abvd_167_night_21
gaddang	gaddang	GADDANG	abvd	SKIN	abvd_12_skin_66
gaddáng	gaddng	GADDNG	abvd	SKIN	abvd_12_skin_66
gahuk	gahuk	GAHUK	abvd	DUST	abvd_11_dust_1
gahúk	gahk	GAHK	abvd	DUST	abvd_11_dust_1
galut	galut	GALUT	abvd	ROPE	abvd_65_rope_78
gamut	gamut	GAMUT	abvd	ROOT	abvd_115_root_3
gamút	gamt	GAMT	abvd	ROOT	abvd_115_root_3
ginat	ginat	GINAT	abvd	SAND	abvd_121_sand_37
ginát	gint	GINT	abvd	SAND	abvd_121_sand_37
gubat	gubat	GUBAT	abvd	FOREST	abvd_127_woodsforest_50
gukab	gukab	GUKAB	abvd	BELOW OR UNDER	abvd_176_below_79
gukáb	gukb	GUKB	abvd	BELOW OR UNDER	abvd_176_below_79
gumatang	gumatang	GUMATANG	abvd	BUY	abvd_91_tobuy_21
gálut	glut	GLUT	abvd	ROPE	abvd_65_rope_78
gátat	gtat	GTAT	abvd	BREAST	abvd_18_breast_54
gúbat	gbat	GBAT	abvd	FOREST	abvd_127_woodsforest_50
gʌddáŋ	gʌdd	GDD	abvd	SKIN	abvd_12_skin_66
hanna	hanna	HANNA	abvd	WHAT	abvd_188_what_24
himigí	himig	HIMIG	abvd	LEFT	abvd_2_left_35
hinapíng	hinapng	HINAPNG	abvd	DIRTY	-
hiwanán	hiwann	HIWANN	abvd	RIGHT	abvd_3_right_1
hánna	hnna	HNNA	abvd	WHAT	abvd_188_what_24
híla	hla	HLA	abvd	TONGUE	abvd_32_tongue_4
hírian	hrian	HRIAN	abvd	SNAKE	-
húlan	hlan	HLAN	abvd	MOON	abvd_129_moon_1
húnga	hnga	HNGA	abvd	FRUIT	-
ifut	ifut	IPUT	abvd	TAIL	abvd_105_tail_30
igalut	igalut	IGALUT	abvd	FASTEN	abvd_66_totieupfasten_106
iggina	iggina	IGGINA	abvd	HE OR SHE	abvd_184_heshe_37
iggira	iggira	IGGIRA	abvd	THEY	abvd_187_they_1
iggína	iggna	IGGNA	abvd	HE OR SHE	abvd_184_heshe_37
iguŋ	igu	IGU	abvd	NOSE	abvd_27_nose_1
iguŋku	iguku	IGUKU	abvd	NOSE	abvd_27_nose_1
ikamí	ikam	IKAM	abvd	WE	abvd_185_we_2
ikayu	ikayu	IKAUU	abvd	YOU	abvd_186_you_1
ikayú	ikay	IKAU	abvd	YOU	abvd_186_you_1
ikáw	ikw	IKW	abvd	THOU	abvd_183_thou_1
ilak	ilak	ILAK	abvd	MOSQUITO	abvd_109_mosquito_28
ilug	ilug	ILUG	abvd	EGG	abvd_98_egg_1
ima	ima	IMA	abvd	HAND	abvd_1_hand_1
ina	ina	INA	abvd	MOTHER	abvd_59_mother_1
innya	innya	INNUA	abvd	WHO	abvd_189_who_14
innyá	inny	INNU	abvd	WHO	abvd_189_who_14
inu	inu	INU	abvd	WHO	abvd_189_who_14
inyan	inyan	INUAN	abvd	HE OR SHE	-
iná	in	IN	abvd	MOTHER	abvd_59_mother_1
inúm	inm	INM	abvd	DRINK	abvd_40_todrink_1
iplúg	iplg	IPLG	abvd	EGG	abvd_98_egg_1
ipús	ips	IPS	abvd	TAIL	abvd_105_tail_30
irá	ir	IR	abvd	THEY	abvd_187_they_1
isa	isa	ISA	abvd	ONE	abvd_197_one_1
isa matut	isamatut	ISAMATUT	abvd	HUNDRED	abvd_209_onehundred_4
isa rihu	isarihu	ISARIHU	abvd	THOUSAND	abvd_210_onethousand_5
isa rivu	isarivu	ISARIBU	abvd	THOUSAND	abvd_210_onethousand_5
isira danum	isiradanum	ISIRADANUM	abvd	FISH	abvd_111_fish_18
issá	iss	ISS	abvd	ONE	abvd_197_one_1
isá	is	IS	abvd	ONE	abvd_197_one_1
itta	itta	ITTA	abvd	WE	abvd_185_we_1
ittera	ittera	ITTERA	abvd	WE	abvd_185_we_1
ittidá	ittid	ITTID	abvd	WE	abvd_185_we_1
ittéra	ittra	ITTRA	abvd	WE	abvd_185_we_1
iyung	iyung	IUUNG	abvd	NOSE	abvd_27_nose_1
kaddat	kaddat	KADDAT	abvd	GRASS	abvd_118_grass_2
kaddʌt	kaddʌt	KADDT	abvd	GRASS	abvd_118_grass_2
kadzʌn	kadzʌn	KADSN	abvd	SAY	-
kan	kan	KAN	abvd	AT	-
kang	kang	KANG	abvd	AT	-
kanná	kann	KANN	abvd	HIT	abvd_72_tohit_126
kavan	kavan	KABAN	abvd	LAKE	-
kawígi	kawgi	KAWGI	abvd	LEFT	abvd_2_left_1
kayan	kayan	KAUAN	abvd	LAKE	-
kayo	kayo	KAUO	abvd	THOU	abvd_183_thou_1
kayu	kayu	KAUU	abvd	STICK	abvd_79_stickwood_1
kilikilat	kilikilat	KILIKILAT	abvd	LIGHTNING	abvd_135_lightning_1
kilikilát	kilikilt	KILIKILT	abvd	LIGHTNING	abvd_135_lightning_1
kumayab	kumayab	KUMAUAB	abvd	FLY (MOVE THROUGH AIR)	abvd_101_tofly_37
kunnasi	kunnasi	KUNNASI	abvd	HOW	abvd_194_how_1
kunnasí	kunnas	KUNNAS	abvd	HOW	abvd_194_how_1
kunám	kunm	KUNM	abvd	CLOUD	abvd_131_cloud_49
kurug	kurug	KURUG	abvd	CORRECT (RIGHT)	abvd_166_correcttrue_83
kurúg	kurg	KURG	abvd	CORRECT (RIGHT)	abvd_166_correcttrue_83
kutu	kutu	KUTU	abvd	LOUSE	abvd_108_louse_1
kánna be	knnabe	KNNABE	abvd	WHERE	-
kárwan	krwan	KRWAN	abvd	OTHER	abvd_190_other_31
kúnʌm	knʌm	KNM	abvd	CLOUD	abvd_131_cloud_49
kútu	ktu	KTU	abvd	LOUSE	abvd_108_louse_1
laddá	ladd	LADD	abvd	LAKE	-
lalakay	lalakay	LALAKAU	abvd	OLD	abvd_162_old_20
lalaki	lalaki	LALAKI	abvd	MALE PERSON	abvd_54_manmale_2
laláki	lalki	LALKI	abvd	MALE PERSON	abvd_54_manmale_2
langit	langit	LANGIT	abvd	SKY	abvd_128_sky_1
lappaw	lappaw	LAPPAW	abvd	FLOWER	abvd_116_flower_27
lappát	lappt	LAPPT	abvd	FOG	-
lappáw	lappw	LAPPW	abvd	FLOWER	abvd_116_flower_27
laŋit	lait	LAIT	abvd	SKY	abvd_128_sky_1
laŋʌs	laʌs	LAS	abvd	FISH	-
likud	likud	LIKUD	abvd	BACK	abvd_13_back_1
likúd	likd	LIKD	abvd	BACK	abvd_13_back_1
lima	lima	LIMA	abvd	FIVE	abvd_201_five_1
lima fulu	limafulu	LIMAPULU	abvd	FIFTY	abvd_208_fifty_1
limafulu	limafulu	LIMAPULU	abvd	FIFTY	abvd_208_fifty_1
limá	lim	LIM	abvd	FIVE	abvd_201_five_1
lisak	lisak	LISAK	abvd	EARTH (SOIL)	-
lubid	lubid	LUBID	abvd	ROPE	abvd_65_rope_21
lumtʌg	lumtʌg	LUMTG	abvd	SWELL	abvd_87_toswell_21
lusák	lusk	LUSK	abvd	EARTH (SOIL)	abvd_119_earthsoil_25
lálakay	llakay	LLAKAU	abvd	OLD	abvd_162_old_20
lángit	lngit	LNGIT	abvd	SKY	abvd_128_sky_1
láppaw	lppaw	LPPAW	abvd	FLOWER	abvd_116_flower_27
mabbarad	mabbarad	MABBARAD	abvd	THROW	abvd_94_tothrow_99
mabbarád	mabbard	MABBARD	abvd	THROW	abvd_94_tothrow_99
mabbayu	mabbayu	MABBAUU	abvd	POUND	abvd_93_topoundbeat_1
mabbilang	mabbilang	MABBILANG	abvd	COUNT	abvd_196_tocount_1
mabbilaŋ	mabbila	MABBILA	abvd	COUNT	abvd_196_tocount_1
mabbitul	mabbitul	MABBITUL	abvd	FASTEN	-
mabbáyu	mabbyu	MABBUU	abvd	POUND	abvd_93_topoundbeat_1
mabbílang	mabblang	MABBLANG	abvd	COUNT	abvd_196_tocount_1
mabbʌrʌd	mabbʌrʌd	MABBRD	abvd	THROW	abvd_94_tothrow_99
maddadáng	maddadng	MADDADNG	abvd	WARM	abvd_138_warm_46
maddaget	maddaget	MADDAGET	abvd	SEW	abvd_67_tosew_2
maddagu	maddagu	MADDAGU	abvd	SMELL (PERCEIVE)	-
maddahet	maddahet	MADDAHET	abvd	SEW	abvd_67_tosew_2
maddahét	maddaht	MADDAHT	abvd	SEW	abvd_67_tosew_2
maddaʔguʔ	maddaʔguʔ	MADDAHGUH	abvd	SMELL (PERCEIVE)	-
madduddug	madduddug	MADDUDDUG	abvd	STAB	abvd_71_tostabpierce_41
maddágu	maddgu	MADDGU	abvd	SMELL (PERCEIVE)	-
maddúdug	madddug	MADDDUG	abvd	STAB	abvd_71_tostabpierce_41
madiʔ	madiʔ	MADIH	abvd	NO OR NOT	abvd_195_nonot_1
madí	mad	MAD	abvd	NO OR NOT	abvd_195_nonot_1
mafulu	mafulu	MAPULU	abvd	TEN	abvd_206_ten_5
mafúlu	maflu	MAPLU	abvd	TEN	abvd_206_ten_5
magaggalák	magaggalk	MAGAGGALK	abvd	LAUGH	abvd_33_tolaugh_35
maganna	maganna	MAGANNA	abvd	WHAT	abvd_188_what_24
magasut	magasut	MAGASUT	abvd	HUNDRED	abvd_209_onehundred_4
magaŋin	magain	MAGAIN	abvd	BLOW (OF WIND)	-
maggaddwá	maggaddw	MAGGADDW	abvd	SPLIT	-
maggadwa	maggadwa	MAGGADWA	abvd	SPLIT	-
maggalak	maggalak	MAGGALAK	abvd	LAUGH	abvd_33_tolaugh_35
maggalák	maggalk	MAGGALK	abvd	LAUGH	abvd_33_tolaugh_35
maggatang	maggatang	MAGGATANG	abvd	BUY	abvd_91_tobuy_21
maggaŋáŋas	maggaas	MAGGAAS	abvd	BREATHE	abvd_28_tobreathe_23
maggiddá	maggidd	MAGGIDD	abvd	LIE DOWN	abvd_49_toliedown_19
maggina	maggina	MAGGINA	abvd	HEAR	abvd_44_tohear_14
maggálut	magglut	MAGGLUT	abvd	FASTEN	abvd_66_totieupfasten_109
maggína	maggna	MAGGNA	abvd	HEAR	abvd_44_tohear_14
maggíʔnah	maggʔnah	MAGGHNAH	abvd	HEAR	abvd_44_tohear_14
maguddan	maguddan	MAGUDDAN	abvd	RAIN (PRECIPITATION)	abvd_133_rain_1
magúta	magta	MAGTA	abvd	VOMIT	abvd_35_tovomit_1
mahukáy	mahuky	MAHUKU	abvd	DIG	-
mahá	mah	MAH	abvd	DRY	abvd_140_dry_26
makatalaw	makatalaw	MAKATALAW	abvd	FEAR (BE AFRAID)	abvd_22_tofear_34
makkabbang	makkabbang	MAKKABBANG	abvd	SCRATCH	abvd_77_toscratch_26
makkagát	makkagt	MAKKAGT	abvd	BITE	abvd_41_tobite_1
makkahi	makkahi	MAKKAHI	abvd	SAY	abvd_64_tosay_177
makkahí	makkah	MAKKAH	abvd	SAY	abvd_64_tosay_177
makkalantay makkalay	makkalantaymakkalay	MAKKALANTAUMAKKALAU	abvd	CLIMB	abvd_172_toclimb_17
makkaluy	makkaluy	MAKKALUU	abvd	SWIM	abvd_9_toswim_33
makkaláy	makkaly	MAKKALU	abvd	CLIMB	abvd_172_toclimb_17
makkassib	makkassib	MAKKASSIB	abvd	BITE	abvd_41_tobite_70
makkassig	makkassig	MAKKASSIG	abvd	BITE	abvd_41_tobite_70
makkattab	makkattab	MAKKATTAB	abvd	CUT OR HACK	abvd_78_tocuthack_88
makkaturug	makkaturug	MAKKATURUG	abvd	SLEEP	abvd_48_tosleep_1
makkatúdug	makkatdug	MAKKATDUG	abvd	SLEEP	abvd_48_tosleep_1
makkatúrug	makkatrug	MAKKATRUG	abvd	SLEEP	abvd_48_tosleep_1
makkayab	makkayab	MAKKAUAB	abvd	FLY (MOVE THROUGH AIR)	abvd_101_tofly_37
makkokot	makkokot	MAKKOKOT	abvd	STEAL	abvd_73_tosteal_25
makkukkúd	makkukkd	MAKKUKKD	abvd	SCRATCH	abvd_77_toscratch_23
makkábbang	makkbbang	MAKKBBANG	abvd	SCRATCH	abvd_77_toscratch_26
makkáttab	makkttab	MAKKTTAB	abvd	CUT OR HACK	abvd_78_tocuthack_88
makkáyab	makkyab	MAKKUAB	abvd	FLY (MOVE THROUGH AIR)	abvd_101_tofly_37
makkókot	makkkot	MAKKKOT	abvd	STEAL	abvd_73_tosteal_25
makkórob	makkrob	MAKKROB	abvd	DIG	-
mallattag	mallattag	MALLATTAG	abvd	SWELL	abvd_87_toswell_21
mallattág	mallattg	MALLATTG	abvd	SWELL	abvd_87_toswell_21
mallazzób	mallazzb	MALLASSB	abvd	BLOW (OF WIND)	-
mallebut	mallebut	MALLEBUT	abvd	TURN	abvd_8_toturn_21
malleku	malleku	MALLEKU	abvd	TURN	abvd_8_toturn_21
mallusab	mallusab	MALLUSAB	abvd	SPIT	abvd_36_tospit_29
mallutab	mallutab	MALLUTAB	abvd	SPIT	abvd_36_tospit_29
mallutu	mallutu	MALLUTU	abvd	COOK (SOMETHING)	abvd_39_tocook_20
malluá	mallu	MALLU	abvd	CRY	-
malléku	mallku	MALLKU	abvd	TURN	abvd_8_toturn_21
mallúsab	mallsab	MALLSAB	abvd	SPIT	abvd_36_tospit_29
mallútu	malltu	MALLTU	abvd	COOK (SOMETHING)	abvd_39_tocook_20
mamalattug	mamalattug	MAMALATTUG	abvd	SHOOT	abvd_70_toshoot_55
mamalbag	mamalbag	MAMALBAG	abvd	SPLIT	-
mamatáy	mamaty	MAMATU	abvd	KILL	abvd_74_tokill_2
mammanuk	mammanuk	MAMMANUK	abvd	BIRD	abvd_97_bird_1
mammuan	mammuan	MAMMUAN	abvd	KNOW (SOMETHING)	abvd_20_toknowbeknowledgeable_25
mammula	mammula	MAMMULA	abvd	PLANT (SOMETHING)	abvd_84_toplant_1
mammánuk	mammnuk	MAMMNUK	abvd	BIRD	abvd_97_bird_1
mammúla	mammla	MAMMLA	abvd	PLANT (SOMETHING)	abvd_84_toplant_1
mamána	mamna	MAMNA	abvd	SHOOT	abvd_70_toshoot_1
mamúkat	mamkat	MAMKAT	abvd	OPEN	abvd_92_toopenuncover_1
manadag	manadag	MANADAG	abvd	STAND	abvd_52_tostand_85
manalan	manalan	MANALAN	abvd	WALK	abvd_5_towalk_21
manalsag	manalsag	MANALSAG	abvd	SPLIT	-
manangat	manangat	MANANGAT	abvd	FISH	-
manaʔdʌg	manaʔdʌg	MANAHDG	abvd	STAND	abvd_52_tostand_85
manga	manga	MANGA	abvd	BREATHE	-
mangan	mangan	MANGAN	abvd	EAT	abvd_37_toeat_1
manganup	manganup	MANGANUP	abvd	HUNT	abvd_69_tohunt_1
manganúp	manganp	MANGANP	abvd	HUNT	abvd_69_tohunt_1
mangawáwag	mangawwag	MANGAWWAG	abvd	YAWN	-
manggátang	manggtang	MANGGTANG	abvd	BUY	abvd_91_tobuy_21
mangngangat	mangngangat	MANGNGANGAT	abvd	CHEW	abvd_38_tochew_52
mangngángat	mangngngat	MANGNGNGAT	abvd	CHEW	abvd_38_tochew_52
mangá:ngat	mangngat	MANGNGAT	abvd	BREATHE	abvd_28_tobreathe_23
mangán	mangn	MANGN	abvd	EAT	abvd_37_toeat_1
manuddug	manuddug	MANUDDUG	abvd	STAB	abvd_71_tostabpierce_41
manuttud	manuttud	MANUTTUD	abvd	SIT	abvd_51_tosit_33
manyá	many	MANU	abvd	HOW	-
manádag	mandag	MANDAG	abvd	STAND	abvd_52_tostand_85
manálan	manlan	MANLAN	abvd	WALK	abvd_5_towalk_21
mapanonot	mapanonot	MAPANONOT	abvd	THINK	abvd_21_tothink_70
mappaggʌl	mappaggʌl	MAPPAGGL	abvd	SQUEEZE	-
mappanunút	mappanunt	MAPPANUNT	abvd	THINK	abvd_21_tothink_70
mappanónot	mappannot	MAPPANNOT	abvd	THINK	abvd_21_tothink_70
mappasiran	mappasiran	MAPPASIRAN	abvd	SHY OR ASHAMED	abvd_161_shyashamed_24
mappili	mappili	MAPPILI	abvd	CHOOSE	abvd_85_tochoose_1
mappirít	mappirt	MAPPIRT	abvd	SQUEEZE	-
mappíli	mappli	MAPPLI	abvd	CHOOSE	abvd_85_tochoose_1
mapulu	mapulu	MAPULU	abvd	TEN	abvd_206_ten_5
mari	mari	MARI	abvd	NO OR NOT	abvd_195_nonot_1
maríhu	marhu	MARHU	abvd	THOUSAND	abvd_210_onethousand_5
masiŋʌn	masiʌn	MASIN	abvd	SEE	abvd_46_tosee_33
masiʔdug	masiʔdug	MASIHDUG	abvd	BURN	abvd_144_toburn_96
massaŋit	massait	MASSAIT	abvd	CRY	abvd_34_tocry_1
massingan	massingan	MASSINGAN	abvd	SEE	abvd_46_tosee_33
massussuk	massussuk	MASSUSSUK	abvd	HIDE	abvd_171_tohide_46
massussup	massussup	MASSUSSUP	abvd	SUCK	abvd_42_tosuck_1
massusu	massusu	MASSUSU	abvd	SUCK	abvd_42_tosuck_25
massídug	massdug	MASSDUG	abvd	BURN	abvd_144_toburn_96
massíngan	massngan	MASSNGAN	abvd	SEE	abvd_46_tosee_33
massúnsup	massnsup	MASSNSUP	abvd	SUCK	abvd_42_tosuck_1
mata	mata	MATA	abvd	EYE	abvd_45_eye_1
matakít	matakt	MATAKT	abvd	PAINFUL OR SICK	abvd_160_painfulsick_1
matanag	matanag	MATANAG	abvd	FALL	abvd_95_tofall_102
matolay	matolay	MATOLAU	abvd	BE ALIVE	abvd_76_tolivebealive_72
mattaffug	mattaffug	MATTAPPUG	abvd	SWIM	abvd_9_toswim_89
mattafúg	mattafg	MATTAPG	abvd	SWIM	abvd_9_toswim_89
mattalaw	mattalaw	MATTALAW	abvd	FEAR (BE AFRAID)	abvd_22_tofear_34
mattammit	mattammit	MATTAMMIT	abvd	HOLD	abvd_89_tohold_96
mattangit	mattangit	MATTANGIT	abvd	CRY	abvd_34_tocry_1
mattarabáhu	mattarabhu	MATTARABHU	abvd	WORK (ACTIVITY)	abvd_83_towork_103
mattatenap	mattatenap	MATTATENAP	abvd	DREAM (SOMETHING)	abvd_50_todream_30
mattaténup	mattatnup	MATTATNUP	abvd	DREAM (SOMETHING)	abvd_50_todream_30
mattrabahu	mattrabahu	MATTRABAHU	abvd	WORK (ACTIVITY)	abvd_83_towork_103
mattrabáhu	mattrabhu	MATTRABHU	abvd	WORK (ACTIVITY)	abvd_83_towork_103
mattugaw	mattugaw	MATTUGAW	abvd	SIT	abvd_51_tosit_50
mattuhu	mattuhu	MATTUHU	abvd	GROW	abvd_86_togrow_1
mattádag	mattdag	MATTDAG	abvd	STAND	abvd_52_tostand_22
mattángit	mattngit	MATTNGIT	abvd	CRY	abvd_34_tocry_1
mattíra	mattra	MATTRA	abvd	SHOOT	-
mattúhu	matthu	MATTHU	abvd	GROW	abvd_86_togrow_1
mattúttud	mattttud	MATTTTUD	abvd	SIT	abvd_51_tosit_1
matá	mat	MAT	abvd	EYE	abvd_45_eye_1
matánag	matnag	MATNAG	abvd	FALL	abvd_95_tofall_102
matáy	maty	MATU	abvd	BE DEAD OR DIE	abvd_75_todiebedead_1
matólay	matlay	MATLAU	abvd	BE ALIVE	abvd_76_tolivebealive_72
mauta	mauta	MAUTA	abvd	VOMIT	abvd_35_tovomit_1
mav-vukat	mavvukat	MABBUKAT	abvd	OPEN	abvd_92_toopenuncover_1
mavvúkat	mavvkat	MABBKAT	abvd	OPEN	abvd_92_toopenuncover_1
maŋaddug	maaddug	MAADDUG	abvd	HIT	-
maŋanup	maanup	MAANUP	abvd	HUNT	abvd_69_tohunt_1
medda	medda	MEDDA	abvd	LIE DOWN	abvd_49_toliedown_19
minum	minum	MINUM	abvd	DRINK	abvd_40_todrink_1
minyá	miny	MINU	abvd	HOW	-
minúm	minm	MINM	abvd	DRINK	abvd_40_todrink_1
mowab	mowab	MOWAB	abvd	YAWN	abvd_47_toyawn_19
mátut	mtut	MTUT	abvd	HUNDRED	abvd_209_onehundred_4
médda	mdda	MDDA	abvd	LIE DOWN	abvd_49_toliedown_19
mówab	mwab	MWAB	abvd	YAWN	abvd_47_toyawn_19
nabasa	nabasa	NABASA	abvd	WET	abvd_141_wet_1
nabasá	nabas	NABAS	abvd	WET	abvd_141_wet_1
nabbinaʔ	nabbinaʔ	NABBINAH	abvd	FALL	-
nadammat	nadammat	NADAMMAT	abvd	HEAVY	abvd_142_heavy_22
nadammát	nadammt	NADAMMT	abvd	HEAVY	abvd_142_heavy_22
nadaping	nadaping	NADAPING	abvd	DIRTY	abvd_10_dirty_54
nadurít	nadurt	NADURT	abvd	ROTTEN	-
nadámmat	nadmmat	NADMMAT	abvd	HEAVY	abvd_142_heavy_22
nakannág	nakanng	NAKANNG	abvd	THICK	abvd_157_thick_33
nakastá	nakast	NAKAST	abvd	GOOD	-
nakába	nakba	NAKBA	abvd	WIDE	-
nalabbag	nalabbag	NALABBAG	abvd	ROTTEN	abvd_112_rotten_29
nalabbág	nalabbg	NALABBG	abvd	ROTTEN	abvd_112_rotten_29
nalammin	nalammin	NALAMMIN	abvd	COLD	abvd_139_cold_22
nalammín	nalammn	NALAMMN	abvd	COLD	abvd_139_cold_22
nalmin	nalmin	NALMIN	abvd	COLD	abvd_139_cold_22
naláwa	nalwa	NALWA	abvd	WIDE	abvd_159_wide_1
namagá	namag	NAMAG	abvd	DRY	abvd_140_dry_26
nanagurál	nanagurl	NANAGURL	abvd	BLUNT	abvd_82_dullblunt_43
naniwang	naniwang	NANIWANG	abvd	THIN	abvd_156_thin_19
napaluŋ	napalu	NAPALU	abvd	FLOW	-
napasiránan	napasirnan	NAPASIRNAN	abvd	SHY OR ASHAMED	abvd_161_shyashamed_24
napato	napato	NAPATO	abvd	WARM	abvd_138_warm_26
napudaw	napudaw	NAPUDAW	abvd	WHITE	abvd_148_white_3
napya	napya	NAPUA	abvd	GOOD	abvd_164_good_1
napyá	napy	NAPU	abvd	GOOD	abvd_164_good_1
napásu	napsu	NAPSU	abvd	WARM	abvd_138_warm_26
napós	naps	NAPS	abvd	BAD OR EVIL	-
naragit	naragit	NARAGIT	abvd	DIRTY	abvd_10_dirty_27
narakat	narakat	NARAKAT	abvd	BAD OR EVIL	abvd_165_badevil_1
narákat	narkat	NARKAT	abvd	BAD OR EVIL	abvd_165_badevil_1
nasidug	nasidug	NASIDUG	abvd	BURN	abvd_144_toburn_96
natadʌm	natadʌm	NATADM	abvd	SHARP	abvd_81_sharp_1
natakit	natakit	NATAKIT	abvd	PAINFUL OR SICK	abvd_160_painfulsick_1
nataram	nataram	NATARAM	abvd	SHARP	abvd_81_sharp_1
natarám	natarm	NATARM	abvd	SHARP	abvd_81_sharp_1
natay	natay	NATAU	abvd	BE DEAD OR DIE	abvd_75_todiebedead_1
natólay	natlay	NATLAU	abvd	BE ALIVE	abvd_76_tolivebealive_72
nay	nay	NAU	abvd	THAT	abvd_178_that_1
naŋurʌl	naurʌl	NAURL	abvd	BLUNT	abvd_82_dullblunt_40
naŋán	nan	NAN	abvd	EAT	abvd_37_toeat_1
naʔnʌg	naʔnʌg	NAHNG	abvd	THICK	abvd_157_thick_33
nempís	nemps	NEMPS	abvd	THIN	abvd_156_thin_1
ngahan	ngahan	NGAHAN	abvd	NAME	abvd_63_name_1
ngammin	ngammin	NGAMMIN	abvd	ALL	abvd_191_all_1
ngammín	ngammn	NGAMMN	abvd	ALL	abvd_191_all_1
ngila	ngila	NGILA	abvd	YELLOW	abvd_150_yellow_36
ngilá	ngil	NGIL	abvd	YELLOW	abvd_150_yellow_36
ngipan	ngipan	NGIPAN	abvd	TOOTH	abvd_31_tooth_1
ngisit	ngisit	NGISIT	abvd	BLACK	abvd_147_black_17
ngípan	ngpan	NGPAN	abvd	TOOTH	abvd_31_tooth_1
ngísit	ngsit	NGSIT	abvd	BLACK	abvd_147_black_17
nu	nu	NU	abvd	IF	abvd_193_if_2
náhan	nhan	NHAN	abvd	NAME	abvd_63_name_1
némpit	nmpit	NMPIT	abvd	THIN	abvd_156_thin_1
oran	oran	ORAN	abvd	RAIN (PRECIPITATION)	abvd_133_rain_1
panga	panga	PANGA	abvd	BRANCH	abvd_113_branch_22
pangá	pang	PANG	abvd	BRANCH	abvd_113_branch_22
pasiran	pasiran	PASIRAN	abvd	SHY OR ASHAMED	abvd_161_shyashamed_24
payak	payak	PAUAK	abvd	WING	abvd_100_wing_33
payaʔ	payaʔ	PAUAH	abvd	WING	abvd_100_wing_33
pitu	pitu	PITU	abvd	SEVEN	abvd_203_seven_1
pitú	pit	PIT	abvd	SEVEN	abvd_203_seven_1
páyak	pyak	PUAK	abvd	WING	abvd_100_wing_33
raggang	raggang	RAGGANG	abvd	RED	abvd_149_red_103
raggáng	raggng	RAGGNG	abvd	RED	abvd_149_red_103
rahun	rahun	RAHUN	abvd	YEAR	abvd_169_year_43
rappis	rappis	RAPPIS	abvd	STICK	-
sabbit	sabbit	SABBIT	abvd	FLESH OR MEAT	-
sabbád	sabbd	SABBD	abvd	SNAKE	-
saka	saka	SAKA	abvd	FOOT OR LEG	abvd_4_legfoot_24
simuk	simuk	SIMUK	abvd	MOUTH	abvd_30_mouth_33
simuʔ	simuʔ	SIMUH	abvd	MOUTH	abvd_30_mouth_33
simúk	simk	SIMK	abvd	MOUTH	abvd_30_mouth_33
sinay	sinay	SINAU	abvd	BELLY	abvd_14_belly_19
sináy	siny	SINU	abvd	BELLY	abvd_14_belly_19
sirat	sirat	SIRAT	abvd	FOREST	abvd_127_woodsforest_102
siyam	siyam	SIUAM	abvd	NINE	abvd_205_nine_9
sonu innya	sonuinnya	SONUINNUA	abvd	WHEN	abvd_170_when_10
sonu inya	sonuinya	SONUINUA	abvd	WHEN	abvd_170_when_10
susu	susu	SUSU	abvd	BREAST	abvd_18_breast_1
syam	syam	SUAM	abvd	NINE	abvd_205_nine_9
súsu	ssu	SSU	abvd	BREAST	abvd_18_breast_1
taba	taba	TABA	abvd	FAT (ORGANIC SUBSTANCE)	abvd_104_fatgrease_23
tabbá	tabb	TABB	abvd	FAT (ORGANIC SUBSTANCE)	abvd_104_fatgrease_23
tabá	tab	TAB	abvd	FAT (ORGANIC SUBSTANCE)	abvd_104_fatgrease_23
taggalawa	taggalawa	TAGGALAWA	abvd	SPIDER	abvd_110_spider_1
taka	taka	TAKA	abvd	FOOT OR LEG	abvd_4_legfoot_70
taliŋa	talia	TALIA	abvd	EAR	abvd_43_ear_1
tallu	tallu	TALLU	abvd	THREE	abvd_199_three_1
tallú	tall	TALL	abvd	THREE	abvd_199_three_1
tangngad	tangngad	TANGNGAD	abvd	NECK	abvd_25_neck_72
tangngád	tangngd	TANGNGD	abvd	NECK	abvd_25_neck_72
tinammit	tinammit	TINAMMIT	abvd	HOLD	abvd_89_tohold_96
tolay	tolay	TOLAU	abvd	PERSON	abvd_53_personhumanbeing_1
tuddúng	tuddng	TUDDNG	abvd	STICK	-
tulang	tulang	TULANG	abvd	BONE	abvd_15_bone_1
tuláng	tulng	TULNG	abvd	BONE	abvd_15_bone_1
tuláŋ	tul	TUL	abvd	BONE	abvd_15_bone_1
tunin	tunin	TUNIN	abvd	THAT	abvd_178_that_16
táka	tka	TKA	abvd	FOOT OR LEG	abvd_4_legfoot_70
tálaw	tlaw	TLAW	abvd	FEAR (BE AFRAID)	abvd_22_tofear_34
tállu	tllu	TLLU	abvd	THREE	abvd_199_three_1
támmit	tmmit	TMMIT	abvd	HOLD	abvd_89_tohold_96
tólay	tlay	TLAU	abvd	PERSON	abvd_53_personhumanbeing_1
ulu	ulu	ULU	abvd	HEAD	abvd_24_head_1
umang	umang	UMANG	abvd	COME	abvd_7_tocome_81
umáng	umng	UMNG	abvd	COME	abvd_7_tocome_81
umʌŋ	umʌ	UM	abvd	COME	abvd_7_tocome_81
unag	unag	UNAG	abvd	IN	-
unág	ung	UNG	abvd	IN	abvd_174_ininside_16
urán	urn	URN	abvd	RAIN (PRECIPITATION)	abvd_133_rain_1
utun	utun	UTUN	abvd	ABOVE	abvd_175_above_13
utá	ut	UT	abvd	VOMIT	abvd_35_tovomit_1
vulan	vulan	BULAN	abvd	MOON	abvd_129_moon_1
vunga	vunga	BUNGA	abvd	FRUIT	abvd_117_fruit_9
vúlan	vlan	BLAN	abvd	MOON	abvd_129_moon_1
vúnga	vnga	BNGA	abvd	FRUIT	abvd_117_fruit_9
walu	walu	WALU	abvd	EIGHT	abvd_204_eight_3
walú	wal	WAL	abvd	EIGHT	abvd_204_eight_3
waʔcʌw	waʔcʌw	WAHKW	abvd	WHERE	abvd_181_where_1
wálu	wlu	WLU	abvd	EIGHT	abvd_204_eight_3
yakan	yakan	UAKAN	abvd	I	abvd_182_i_1
yan	yan	UAN	abvd	THAT	abvd_178_that_3
yaw	yaw	UAW	abvd	THIS	abvd_177_this_35
yákan	ykan	UKAN	abvd	I	abvd_182_i_1
yán	yn	UN	abvd	THAT	abvd_178_that_3
yʌw	yʌw	UW	abvd	THIS	abvd_177_this_35
zila	zila	SILA	abvd	TONGUE	abvd_32_tongue_4
zimigi	zimigi	SIMIGI	abvd	LEFT	abvd_2_left_35
zirrian	zirrian	SIRRIAN	abvd	SNAKE	-
ziwanan	ziwanan	SIWANAN	abvd	RIGHT	abvd_3_right_1
zíla	zla	SLA	abvd	TONGUE	abvd_32_tongue_4
álgaw	lgaw	LGAW	abvd	DAY (NOT NIGHT)	abvd_168_day_1
ámmu	mmu	MMU	abvd	KNOW (SOMETHING)	abvd_20_toknowbeknowledgeable_25
ának	nak	NAK	abvd	CHILD	abvd_56_child_1
ángin	ngin	NGIN	abvd	WIND	abvd_136_wind_1
átu	tu	TU	abvd	DOG	abvd_96_dog_1
ífut	fut	PUT	abvd	TAIL	abvd_105_tail_30
ílak	lak	LAK	abvd	MOSQUITO	abvd_109_mosquito_28
ílug	lug	LUG	abvd	EGG	abvd_98_egg_1
íma	ma	MA	abvd	HAND	abvd_1_hand_1
íyung	yung	UUNG	abvd	NOSE	abvd_27_nose_1
úlu	lu	LU	abvd	HEAD	abvd_24_head_1
útun	tun	TUN	abvd	ABOVE	abvd_175_above_13
ŋa	a	A	abvd	WE	-
ŋilá	il	IL	abvd	YELLOW	abvd_150_yellow_36
ŋágan	gan	GAN	abvd	NAME	abvd_63_name_1
ŋípʌn	pʌn	PN	abvd	TOOTH	abvd_31_tooth_1
ŋísít	st	ST	abvd	BLACK	abvd_147_black_17
ʌsáwa	ʌswa	SWA	abvd	HUSBAND	abvd_57_husband_2
