Word	IPA	SCA	Source	Concept_ID	Cognate_Set_ID
ako-	ako	AKO	abvd	TOOTH	abvd_31_tooth_42
alali	alali	ALALI	abvd	WALK	abvd_5_towalk_10
ale	ale	ALE	abvd	FLOW	abvd_123_toflow_38
aliali	aliali	ALIALI	abvd	WALK	abvd_5_towalk_10
aloni	aloni	ALONI	abvd	SKY	abvd_128_sky_1
ani	ani	ANI	abvd	EAT	abvd_37_toeat_1
aniani	aniani	ANIANI	abvd	EAT	abvd_37_toeat_1
apoti	apoti	APOTI	abvd	HIT	abvd_72_tohit_91
apu	apu	APU	abvd	FIRE	abvd_143_fire_19
ari-	ari	ARI	abvd	ROOT	abvd_115_root_2
ariβi	arii	ARII	abvd	RAT	abvd_102_rat_18
aru-	aru	ARU	abvd	FAT (ORGANIC SUBSTANCE)	abvd_104_fatgrease_44
asi	asi	ASI	abvd	ROPE	abvd_65_rope_58
asu	asu	ASU	abvd	SMOKE (EXHAUST)	abvd_145_smoke_2
ati	ati	ATI	abvd	BITE	abvd_41_tobite_1
aŋko-	ako	AKO	abvd	TOOTH	abvd_31_tooth_42
aβuni	auni	AUNI	abvd	NEW	abvd_163_new_56
aᵐpu	apu	APU	abvd	FIRE	abvd_143_fire_19
eli	eli	ELI	abvd	DIG	abvd_90_todig_1
ese	ese	ESE	abvd	ONE	abvd_197_one_1
ese-	ese	ESE	abvd	NAME	abvd_63_name_1
etˢa	eta	ETA	abvd	GREEN	abvd_151_green_8
eβi	ei	EI	abvd	COUNT	abvd_196_tocount_70
eβia	eia	EIA	abvd	COUNT	abvd_196_tocount_70
ila-βuni	ilauni	ILAUNI	abvd	KILL	abvd_74_tokill_68
ima	ima	IMA	abvd	HOUSE	abvd_61_house_1
imi	imi	IMI	abvd	SUCK	abvd_42_tosuck_51
inau	inau	INAU	abvd	I	abvd_182_i_1
inie	inie	INIE	abvd	HE OR SHE	abvd_184_heshe_1
iniko	iniko	INIKO	abvd	THOU	abvd_183_thou_1
inke	inke	INKE	abvd	WE	abvd_185_we_46
ire	ire	IRE	abvd	THEY	abvd_187_they_1
isaβa	isaa	ISAA	abvd	WHAT	abvd_188_what_1
isaβao	isaao	ISAAO	abvd	WHO	abvd_189_who_1
ise-	ise	ISE	abvd	NAME	abvd_63_name_1
iᵑke	ike	IKE	abvd	WE	abvd_185_we_47
iᵑko	iko	IKO	abvd	THOU	abvd_183_thou_1
kae-	kae	KAE	abvd	BLOOD	abvd_23_blood_1
kalina-	kalina	KALINA	abvd	EAR	abvd_43_ear_1
kamau	kamau	KAMAU	abvd	WE	abvd_185_we_44
kamiu	kamiu	KAMIU	abvd	YOU	abvd_186_you_1
kara	kara	KARA	abvd	RED	abvd_149_red_53
karo	karo	KARO	abvd	SWIM	abvd_9_toswim_5
karukarumi	karukarumi	KARUKARUMI	abvd	SCRATCH	abvd_77_toscratch_59
kau	kau	KAU	abvd	HOLD	abvd_89_tohold_3
kauti	kauti	KAUTI	abvd	STAB	-
kilekile	kilekile	KILEKILE	abvd	SMALL	abvd_152_small_103
koko	koko	KOKO	abvd	DRINK	abvd_40_todrink_54
kolo-	kolo	KOLO	abvd	NECK	abvd_25_neck_6
komikomi	komikomi	KOMIKOMI	abvd	THINK	abvd_21_tothink_61
koru	koru	KORU	abvd	DRY	abvd_140_dry_29
korukoru	korukoru	KORUKORU	abvd	OLD	abvd_162_old_9
lalo	lalo	LALO	abvd	LIGHTNING	-
lani	lani	LANI	abvd	WIND	abvd_136_wind_1
lanisu-	lanisu	LANISU	abvd	NOSE	abvd_27_nose_1
lanutsu-	lanutsu	LANUTSU	abvd	NOSE	abvd_27_nose_1
lapa	lapa	LAPA	abvd	BIG	abvd_153_big_10
laᵐpa	lapa	LAPA	abvd	BIG	abvd_153_big_10
leβine	leine	LEINE	abvd	FEMALE PERSON	abvd_55_womanfemale_1
lima	lima	LIMA	abvd	FIVE	abvd_201_five_1
lima-	lima	LIMA	abvd	HAND	abvd_1_hand_1
lima-raβe	limarae	LIMARAE	abvd	SIX	abvd_202_six_35
lokoloko	lokoloko	LOKOLOKO	abvd	BAD OR EVIL	abvd_165_badevil_102
loto	loto	LOTO	abvd	SPIT	abvd_36_tospit_37
lo·	lo	LO	abvd	BLACK	abvd_147_black_40
loβi au	loiau	LOIAU	abvd	FOREST	abvd_127_woodsforest_2
loβiao	loiao	LOIAO	abvd	FOREST	abvd_127_woodsforest_2
loᵑkoloᵑko	lokoloko	LOKOLOKO	abvd	BAD OR EVIL	abvd_165_badevil_102
lua	lua	LUA	abvd	VOMIT	abvd_35_tovomit_8
lulua	lulua	LULUA	abvd	VOMIT	abvd_35_tovomit_8
malaᵐpoe	malapoe	MALAPOE	abvd	SLEEP	abvd_48_tosleep_60
mali	mali	MALI	abvd	SQUEEZE	abvd_88_tosqueeze_36
mamasa	mamasa	MAMASA	abvd	GOOD	abvd_164_good_57
mamaβu	mamau	MAMAU	abvd	ASH	abvd_146_ashes_1
manu	manu	MANU	abvd	BIRD	abvd_97_bird_1
mape-	mape	MAPE	abvd	LIVER	abvd_17_liver_7
mapu·	mapu	MAPU	abvd	ROTTEN	abvd_112_rotten_52
marau-	marau	MARAU	abvd	LEFT	abvd_2_left_2
marimariri	marimariri	MARIMARIRI	abvd	COLD	abvd_139_cold_1
mariri	mariri	MARIRI	abvd	COLD	abvd_139_cold_1
marita	marita	MARITA	abvd	SNAKE	abvd_106_snake_12
maro·	maro	MARO	abvd	DIRTY	abvd_10_dirty_24
masao	masao	MASAO	abvd	FLESH OR MEAT	abvd_103_meatflesh_85
mata-	mata	MATA	abvd	EYE	abvd_45_eye_1
matau	matau	MATAU	abvd	FEAR (BE AFRAID)	abvd_22_tofear_1
mate	mate	MATE	abvd	BE DEAD OR DIE	abvd_75_todiebedead_1
matua-	matua	MATUA	abvd	RIGHT	abvd_3_right_5
matˢa	mata	MATA	abvd	STICK	abvd_79_stickwood_24
matˢi	mati	MATI	abvd	FISH	abvd_111_fish_53
matˢimatˢina	matimatina	MATIMATINA	abvd	SHARP	abvd_81_sharp_1?
matˢina	matina	MATINA	abvd	YELLOW	abvd_150_yellow_71
mauri	mauri	MAURI	abvd	BE ALIVE	abvd_76_tolivebealive_1
mauru	mauru	MAURU	abvd	BE ALIVE	abvd_76_tolivebealive_1
ma·ki-	maki	MAKI	abvd	FOOT OR LEG	abvd_4_legfoot_96
maᵐpe-	mape	MAPE	abvd	LIVER	abvd_17_liver_7
maᵐpu·	mapu	MAPU	abvd	ROTTEN	abvd_112_rotten_52
maᵑki-	maki	MAKI	abvd	FOOT OR LEG	abvd_4_legfoot_96
mekimekine	mekimekine	MEKIMEKINE	abvd	WET	abvd_141_wet_35
meme-	meme	MEME	abvd	TONGUE	abvd_32_tongue_7
metˢo	meto	METO	abvd	COOK (SOMETHING)	abvd_39_tocook_78
meᵑgimeᵑgine	megimegine	MEGIMEGINE	abvd	WET	abvd_141_wet_35
moi	moi	MOI	abvd	MOSQUITO	abvd_109_mosquito_1
mui	mui	MUI	abvd	MOSQUITO	abvd_109_mosquito_1
napoe	napoe	NAPOE	abvd	SLEEP	abvd_48_tosleep_60
natu-	natu	NATU	abvd	CHILD	abvd_56_child_5
naβea	naea	NAEA	abvd	WHERE	abvd_181_where_3
nisa	nisa	NISA	abvd	LAUGH	abvd_33_tolaugh_91
nopu	nopu	NOPU	abvd	LAKE	abvd_126_lake_49
nura	nura	NURA	abvd	BREATHE	abvd_28_tobreathe_74
one	one	ONE	abvd	EARTH (SOIL)	abvd_119_earthsoil_35
pae-	pae	PAE	abvd	FRUIT	abvd_117_fruit_35
papau-	papau	PAPAU	abvd	WING	abvd_100_wing_7
paraβu	parau	PARAU	abvd	LONG	abvd_155_long_16
patu-	patu	PATU	abvd	HEAD	abvd_24_head_9
pei	pei	PEI	abvd	WATER	abvd_122_water_28
pili-	pili	PILI	abvd	SHOULDER	abvd_19_shoulder_38
pinisi	pinisi	PINISI	abvd	KNOW (SOMETHING)	abvd_20_toknowbeknowledgeable_5
pirini	pirini	PIRINI	abvd	THUNDER	abvd_134_thunder_80
poapu	poapu	POAPU	abvd	DUST	abvd_11_dust_80?
poni	poni	PONI	abvd	NIGHT	abvd_167_night_1
pono-rone	ponorone	PONORONE	abvd	SMELL (PERCEIVE)	abvd_29_tosniffsmell_42
porione	porione	PORIONE	abvd	SEE	abvd_46_tosee_14
porusai	porusai	PORUSAI	abvd	TURN	abvd_8_toturn_109
pose	pose	POSE	abvd	CORRECT (RIGHT)	-
pota	pota	POTA	abvd	FOG	abvd_132_fog_66
pueti	pueti	PUETI	abvd	HEAVY	abvd_142_heavy_73
pulei	pulei	PULEI	abvd	THROW	abvd_94_tothrow_86
ra-pati	rapati	RAPATI	abvd	NINE	abvd_205_nine_20
ra-βati	raati	RAATI	abvd	NINE	abvd_205_nine_20
rani	rani	RANI	abvd	DAY (NOT NIGHT)	abvd_168_day_6
rapui-	rapui	RAPUI	abvd	MOTHER	abvd_59_mother_54
rau	rau	RAU	abvd	GRASS	-
rau-	rau	RAU	abvd	LEAF	abvd_114_leaf_1
raβe-rua	raerua	RAERUA	abvd	SEVEN	abvd_203_seven_13
raβe-tolu	raetolu	RAETOLU	abvd	EIGHT	abvd_204_eight_5
raβu-tolu	rautolu	RAUTOLU	abvd	EIGHT	abvd_204_eight_5
raᵐpui-	rapui	RAPUI	abvd	MOTHER	abvd_59_mother_54
rione	rione	RIONE	abvd	SEE	abvd_46_tosee_14
ririsai	ririsai	RIRISAI	abvd	TURN	abvd_8_toturn_34
rono	rono	RONO	abvd	HEAR	abvd_44_tohear_1
rotˢo	roto	ROTO	abvd	PAINFUL OR SICK	abvd_160_painfulsick_32
rua	rua	RUA	abvd	TWO	abvd_198_two_1
rupi	rupi	RUPI	abvd	KILL	abvd_74_tokill_71
sala	sala	SALA	abvd	PATH OR ROAD	abvd_6_roadpath_1
sale	sale	SALE	abvd	FLY (MOVE THROUGH AIR)	abvd_101_tofly_31
sanaβulu	sanaulu	SANAULU	abvd	TEN	abvd_206_ten_5
sari-	sari	SARI	abvd	FOOT OR LEG	abvd_4_legfoot_73
saβa	saa	SAA	abvd	WHAT	abvd_188_what_1
saβa rani	saarani	SAARANI	abvd	WHEN	abvd_170_when_56
saβarani	saarani	SAARANI	abvd	WHEN	abvd_170_when_56
sei	sei	SEI	abvd	WHO	abvd_189_who_1
siasia	siasia	SIASIA	abvd	LIE DOWN	abvd_49_toliedown_76
silaleβurai	silaleurai	SILALEURAI	abvd	SPLIT	abvd_80_tosplit_1
silaᵑkalaᵑkala	silakalakala	SILAKALAKALA	abvd	SPLIT	abvd_80_tosplit_83
sio	sio	SIO	abvd	SIT	abvd_51_tosit_114
sisi	sisi	SISI	abvd	BLOW (OF WIND)	abvd_137_toblow_60
soᵐpe	sope	SOPE	abvd	FASTEN	-
sui-	sui	SUI	abvd	BONE	abvd_15_bone_52
sule	sule	SULE	abvd	STONE	abvd_120_stone_19
sulu	sulu	SULU	abvd	BURN	abvd_144_toburn_4
sului	sului	SULUI	abvd	BURN	abvd_144_toburn_4
sunatau-	sunatau	SUNATAU	abvd	BACK	abvd_13_back_12
susu-	susu	SUSU	abvd	BREAST	abvd_18_breast_1
taetale	taetale	TAETALE	abvd	HUNT	-
tali-	tali	TALI	abvd	INTESTINES	abvd_16_intestines_76
tama-	tama	TAMA	abvd	FATHER	abvd_60_father_1
tani	tani	TANI	abvd	CRY	abvd_34_tocry_1
tao-	tao	TAO	abvd	BACK	abvd_13_back_12
taone	taone	TAONE	abvd	YEAR	abvd_169_year_1
tasi	tasi	TASI	abvd	SEA	abvd_124_sea_1
tataolo	tataolo	TATAOLO	abvd	CORRECT (RIGHT)	abvd_166_correcttrue_135
tauku	tauku	TAUKU	abvd	MALE PERSON	abvd_54_manmale_22
tauᵑku	tauku	TAUKU	abvd	MALE PERSON	abvd_54_manmale_22
teβe	tee	TEE	abvd	CUT OR HACK	abvd_78_tocuthack_40
teβei	teei	TEEI	abvd	CUT OR HACK	abvd_78_tocuthack_40
tia-	tia	TIA	abvd	BELLY	abvd_14_belly_1
toli-	toli	TOLI	abvd	EGG	abvd_98_egg_1
tolu	tolu	TOLU	abvd	THREE	abvd_199_three_1
tuara	tuara	TUARA	abvd	OTHER	abvd_190_other_61
turi	turi	TURI	abvd	STAND	abvd_52_tostand_2
tuᵑka	tuka	TUKA	abvd	SKY	abvd_128_sky_62
tˢimi	timi	TIMI	abvd	SUCK	abvd_42_tosuck_51
tˢino-	tino	TINO	abvd	MOUTH	abvd_30_mouth_55
tˢoβi	toi	TOI	abvd	FALL	abvd_95_tofall_13
uiau	uiau	UIAU	abvd	STICK	abvd_79_stickwood_1
uma	uma	UMA	abvd	WORK (ACTIVITY)	abvd_83_towork_1
ururi-	ururi	URURI	abvd	SKIN	abvd_12_skin_1
usa	usa	USA	abvd	RAIN (PRECIPITATION)	abvd_133_rain_1
utu	utu	UTU	abvd	LOUSE	abvd_108_louse_1
βae-	ae	AE	abvd	FRUIT	abvd_117_fruit_35
βanoma	anoma	ANOMA	abvd	COME	abvd_7_tocome_23
βanuβaera	anuaera	ANUAERA	abvd	WORK (ACTIVITY)	abvd_83_towork_7
βarai	arai	ARAI	abvd	SAY	abvd_64_tosay_30
βaritunu	aritunu	ARITUNU	abvd	WARM	abvd_138_warm_12
βaruβaruni	aruaruni	ARUARUNI	abvd	WARM	abvd_138_warm_91
βati	ati	ATI	abvd	FOUR	abvd_200_four_1
βenia	enia	ENIA	abvd	WHERE	abvd_181_where_3
βenu	enu	ENU	abvd	SKIN	abvd_12_skin_28
βiki-	iki	IKI	abvd	TAIL	abvd_105_tail_76
βilei	ilei	ILEI	abvd	LIGHTNING	abvd_135_lightning_26
βili	ili	ILI	abvd	FASTEN	abvd_66_totieupfasten_76
βira-	ira	IRA	abvd	FLOWER	abvd_116_flower_35
βirisi	irisi	IRISI	abvd	SQUEEZE	abvd_88_tosqueeze_16
βiso-	iso	ISO	abvd	FLESH OR MEAT	abvd_103_meatflesh_10
βitu	itu	ITU	abvd	STAR	abvd_130_star_1
βoe	oe	OE	abvd	DOG	abvd_96_dog_74
βonoma·	onoma	ONOMA	abvd	COME	abvd_7_tocome_23
βula	ula	ULA	abvd	MOON	abvd_129_moon_1
βulu-	ulu	ULU	abvd	HAIR	abvd_26_hair_31
βuni	uni	UNI	abvd	NEW	abvd_163_new_56
βuraβura	uraura	URAURA	abvd	FLOW	abvd_123_toflow_31
βusi	usi	USI	abvd	SAND	abvd_121_sand_77
βusiβusi	usiusi	USIUSI	abvd	SAND	abvd_121_sand_77
βuso	uso	USO	abvd	WHITE	abvd_148_white_94
βuso-	uso	USO	abvd	FLOWER	abvd_116_flower_53
βuᵑki-	uki	UKI	abvd	TAIL	abvd_105_tail_76
ᵐpalisi	palisi	PALISI	abvd	GRASS	abvd_118_grass_1
ᵐparaβu	parau	PARAU	abvd	LONG	abvd_155_long_16
ᵐpatu-	patu	PATU	abvd	HEAD	abvd_24_head_9
ᵐpaᵐpau-	papau	PAPAU	abvd	WING	abvd_100_wing_7
ᵐpei	pei	PEI	abvd	WATER	abvd_122_water_28
ᵐpilei	pilei	PILEI	abvd	THROW	abvd_94_tothrow_86
ᵐpili-	pili	PILI	abvd	SHOULDER	abvd_19_shoulder_38
ᵐpinisi	pinisi	PINISI	abvd	KNOW (SOMETHING)	abvd_20_toknowbeknowledgeable_5
ᵐpirini	pirini	PIRINI	abvd	THUNDER	abvd_134_thunder_80
ᵐponi	poni	PONI	abvd	NIGHT	abvd_167_night_1
ᵐpota	pota	POTA	abvd	FOG	abvd_132_fog_66
ᵐpueti	pueti	PUETI	abvd	HEAVY	abvd_142_heavy_73
ᵑkae-	kae	KAE	abvd	BLOOD	abvd_23_blood_1
ᵑkalina-	kalina	KALINA	abvd	EAR	abvd_43_ear_1
ᵑkalo-	kalo	KALO	abvd	NECK	abvd_25_neck_6
ᵑkamau	kamau	KAMAU	abvd	WE	abvd_185_we_44
ᵑkamiu	kamiu	KAMIU	abvd	YOU	abvd_186_you_1
ᵑkara	kara	KARA	abvd	RED	abvd_149_red_53
ᵑkarau	karau	KARAU	abvd	HOLD	abvd_89_tohold_3
ᵑkaro	karo	KARO	abvd	SWIM	abvd_9_toswim_5
ᵑkaruᵑkarumi	karukarumi	KARUKARUMI	abvd	SCRATCH	abvd_77_toscratch_59
ᵑkaβo	kao	KAO	abvd	STAB	-
ᵑkileᵑkile	kilekile	KILEKILE	abvd	SMALL	abvd_152_small_103
ᵑkomiᵑkomi	komikomi	KOMIKOMI	abvd	THINK	abvd_21_tothink_61
ᵑkoru	koru	KORU	abvd	DRY	abvd_140_dry_29
ᵑkoruᵑkoru	korukoru	KORUKORU	abvd	OLD	abvd_162_old_9
ᵑkoᵑko	koko	KOKO	abvd	DRINK	abvd_40_todrink_54
