Word	IPA	SCA	Source	Concept_ID	Cognate_Set_ID
-ali̥	ali̥	ALI	abvd	WALK	abvd_5_towalk_10
-amai	amai	AMAI	abvd	COME	abvd_7_tocome_1
-amis	amis	AMIS	abvd	CRY	abvd_34_tocry_67
-ani	ani	ANI	abvd	EAT	abvd_37_toeat_1
-anian	anian	ANIAN	abvd	EAT	abvd_37_toeat_1
-ati	ati	ATI	abvd	BITE	abvd_41_tobite_1
-bas	bas	BAS	abvd	SPLIT	-
-halau	halau	HALAU	abvd	HUNT	abvd_69_tohunt_74
-hamai	hamai	HAMAI	abvd	COME	abvd_7_tocome_1
-hatufa	hatufa	HATUPA	abvd	HUNT	-
-hideni	hideni	HIDENI	abvd	SAY	abvd_64_tosay_16
-hiles	hiles	HILES	abvd	TURN	abvd_8_toturn_24
-hitaini	hitaini	HITAINI	abvd	FASTEN	abvd_66_totieupfasten_90?
-hiteal	hiteal	HITEAL	abvd	LAUGH	abvd_33_tolaugh_84
-hiteni	hiteni	HITENI	abvd	SAY	abvd_64_tosay_16
-huhus	huhus	HUHUS	abvd	SQUEEZE	-
-hulhuli	hulhuli	HULHULI	abvd	COUNT	abvd_196_tocount_81
-huli	huli	HULI	abvd	COUNT	abvd_196_tocount_81
-hulie	hulie	HULIE	abvd	COUNT	abvd_196_tocount_81
-hulikati	hulikati	HULIKATI	abvd	HOLD	abvd_89_tohold_34
-ili	ili	ILI	abvd	DIG	abvd_90_todig_1
-iⁿdikati	idikati	IDIKATI	abvd	SQUEEZE	-
-ka	ka	KA	abvd	FLY (MOVE THROUGH AIR)	abvd_101_tofly_14
-kaka	kaka	KAKA	abvd	WALK	abvd_5_towalk_62
-kali	kali	KALI	abvd	SCRATCH	abvd_77_toscratch_12
-kilea	kilea	KILEA	abvd	KNOW (SOMETHING)	abvd_20_toknowbeknowledgeable_18
-kiloŋe	kiloe	KILOE	abvd	HEAR	abvd_44_tohear_1
-kokila	kokila	KOKILA	abvd	KNOW (SOMETHING)	abvd_20_toknowbeknowledgeable_18
-koloŋe	koloe	KOLOE	abvd	HEAR	abvd_44_tohear_1
-koluβos	koluos	KOLUOS	abvd	LIE DOWN	-
-kul	kul	KUL	abvd	SWIM	abvd_9_toswim_71
-kuᵐbus-huseni	kubushuseni	KUBUSHUSENI	abvd	SQUEEZE	abvd_88_tosqueeze_18
-lelakati	lelakati	LELAKATI	abvd	HUNT	-
-lemalu	lemalu	LEMALU	abvd	STAND	abvd_52_tostand_25
-lesi	lesi	LESI	abvd	SEE	abvd_46_tosee_14
-loŋi	loi	LOI	abvd	HEAR	abvd_44_tohear_1
-lu	lu	LU	abvd	VOMIT	abvd_35_tovomit_8
-lue̥	lue̥	LUE	abvd	VOMIT	abvd_35_tovomit_8
-lætkati	ltkati	LTKATI	abvd	FASTEN	abvd_66_totieupfasten_1
-mat	mat	MAT	abvd	BE DEAD OR DIE	abvd_75_todiebedead_1
-matil	matil	MATIL	abvd	SLEEP	abvd_48_tosleep_1
-matilu	matilu	MATILU	abvd	SLEEP	abvd_48_tosleep_1
-maul	maul	MAUL	abvd	BE ALIVE	abvd_76_tolivebealive_1
-mea	mea	MEA	abvd	STAND	abvd_52_tostand_58
-metau	metau	METAU	abvd	FEAR (BE AFRAID)	abvd_22_tofear_1
-mewul	mewul	MEWUL	abvd	BE ALIVE	abvd_76_tolivebealive_1
-mot	mot	MOT	abvd	FALL	abvd_95_tofall_57
-moul	moul	MOUL	abvd	BE ALIVE	abvd_76_tolivebealive_1
-mu-niti	muniti	MUNITI	abvd	BURN	abvd_144_toburn_86
-mu-we	muwe	MUWE	abvd	FLOW	abvd_123_toflow_65
-mun susu	munsusu	MUNSUSU	abvd	SUCK	abvd_42_tosuck_25
-muni	muni	MUNI	abvd	DRINK	abvd_40_todrink_1
-musaβoe	musaoe	MUSAOE	abvd	STAB	-
-museh	museh	MUSEH	abvd	BREATHE	abvd_28_tobreathe_14
-musi	musi	MUSI	abvd	SMELL (PERCEIVE)	abvd_29_tosniffsmell_65
-mu·si	musi	MUSI	abvd	SMELL (PERCEIVE)	abvd_29_tosniffsmell_65
-mæt	mt	MT	abvd	BE DEAD OR DIE	abvd_75_todiebedead_1
-mætil	mtil	MTIL	abvd	LIE DOWN	abvd_49_toliedown_37
-mʷis	mis	MIS	abvd	CRY	abvd_34_tocry_67
-mʷot	mot	MOT	abvd	FALL	abvd_95_tofall_57
-mʷoti	moti	MOTI	abvd	FALL	abvd_95_tofall_57
-niti	niti	NITI	abvd	BURN	abvd_144_toburn_86
-ofeni	ofeni	OPENI	abvd	THROW	-
-parkati	parkati	PARKATI	abvd	FASTEN	abvd_66_totieupfasten_94
-rapasi	rapasi	RAPASI	abvd	SPLIT	-
-reⁿdem	redem	REDEM	abvd	THINK	abvd_21_tothink_13
-reⁿdemien	redemien	REDEMIEN	abvd	THINK	abvd_21_tothink_13
-rili	rili	RILI	abvd	SEW	abvd_67_tosew_13
-sal	sal	SAL	abvd	FLOW	abvd_123_toflow_38
-sali	sali	SALI	abvd	STAB	abvd_71_tostabpierce_14
-seh	seh	SEH	abvd	BREATHE	abvd_28_tobreathe_35
-simi	simi	SIMI	abvd	SUCK	abvd_42_tosuck_51
-soni	soni	SONI	abvd	THROW	abvd_94_tothrow_87?
-səlus	səlus	SELUS	abvd	SAY	-
-tafasi	tafasi	TAPASI	abvd	SPLIT	abvd_80_tosplit_4
-tai	tai	TAI	abvd	CUT OR HACK	abvd_78_tocuthack_1
-tei	tei	TEI	abvd	CUT OR HACK	abvd_78_tocuthack_1
-ti	ti	TI	abvd	BITE	abvd_41_tobite_1
-tif	tif	TIP	abvd	SPIT	abvd_36_tospit_87
-tili	tili	TILI	abvd	SEW	abvd_67_tosew_13
-tip	tip	TIP	abvd	SPIT	abvd_36_tospit_15
-titil	titil	TITIL	abvd	SEW	abvd_67_tosew_13
-tiβ	ti	TI	abvd	SPIT	abvd_36_tospit_15
-totan	totan	TOTAN	abvd	SIT	abvd_51_tosit_1
-toⁿdan	todan	TODAN	abvd	SIT	abvd_51_tosit_1
-tuntan	tuntan	TUNTAN	abvd	SIT	abvd_51_tosit_1
-uh-fini	uhfini	UHPINI	abvd	BLOW (OF WIND)	abvd_137_toblow_4
-uhi	uhi	UHI	abvd	BLOW (OF WIND)	abvd_137_toblow_4
-uwi	uwi	UWI	abvd	SWIM	abvd_9_toswim_73
-wai	wai	WAI	abvd	CRY	abvd_34_tocry_57
-wasi	wasi	WASI	abvd	HIT	abvd_72_tohit_86
-wasi fomat	wasifomat	WASIPOMAT	abvd	KILL	abvd_74_tokill_12
-wasi hæmæt	wasihmt	WASIHMT	abvd	KILL	abvd_74_tokill_12
-wasi βomat	wasiomat	WASIOMAT	abvd	KILL	abvd_74_tokill_12
-we	we	WE	abvd	FLOW	abvd_123_toflow_65
-βiteai	iteai	ITEAI	abvd	LAUGH	abvd_33_tolaugh_84
-βitial	itial	ITIAL	abvd	LAUGH	abvd_33_tolaugh_84
-βoneite	oneite	ONEITE	abvd	HOLD	-
-ᵑgilela	gilela	GILELA	abvd	KNOW (SOMETHING)	abvd_20_toknowbeknowledgeable_18
-ⁿdemi	demi	DEMI	abvd	THINK	abvd_21_tothink_13
a-hat	ahat	AHAT	abvd	FOUR	abvd_200_four_1
a-tan	atan	ATAN	abvd	EARTH (SOIL)	abvd_119_earthsoil_1
a-tano̥	atano̥	ATANO	abvd	EARTH (SOIL)	abvd_119_earthsoil_1
a-tas	atas	ATAS	abvd	SEA	abvd_124_sea_1
aai	aai	AAI	abvd	STICK	abvd_79_stickwood_1
afoŋ	afo	APO	abvd	DAY (NOT NIGHT)	abvd_168_day_16
ahango	ahango	AHANGO	abvd	FIRE	abvd_143_fire_21
ahat	ahat	AHAT	abvd	STONE	abvd_120_stone_1
ahatu	ahatu	AHATU	abvd	STONE	abvd_120_stone_1
ahaŋ	aha	AHA	abvd	FIRE	abvd_143_fire_21
ahaŋo	ahao	AHAO	abvd	FIRE	abvd_143_fire_4
ahil	ahil	AHIL	abvd	LIGHTNING	abvd_135_lightning_26
ahile	ahile	AHILE	abvd	LIGHTNING	abvd_135_lightning_26
ahin	ahin	AHIN	abvd	FEMALE PERSON	abvd_55_womanfemale_1
ahin ona-k	ahinonak	AHINONAK	abvd	WIFE	abvd_58_wife_5
ahine	ahine	AHINE	abvd	FEMALE PERSON	abvd_55_womanfemale_1
ahitai	ahitai	AHITAI	abvd	SIX	abvd_202_six_20
ai	ai	AI	abvd	FISH	abvd_111_fish_1
aiisele	aiisele	AIISELE	abvd	PATH OR ROAD	abvd_6_roadpath_1
aim	aim	AIM	abvd	HOUSE	abvd_61_house_1
aisilu-	aisilu	AISILU	abvd	BACK	abvd_13_back_130
aisilu-ku	aisiluku	AISILUKU	abvd	BACK	abvd_13_back_130
alangi	alangi	ALANGI	abvd	WIND	abvd_136_wind_1
alaŋ	ala	ALA	abvd	WIND	abvd_136_wind_1
ale-k	alek	ALEK	abvd	FOOT OR LEG	abvd_4_legfoot_73?
ali	ali	ALI	abvd	WALK	abvd_5_towalk_10
alualim	alualim	ALUALIM	abvd	TEN	abvd_206_ten_4
aman	aman	AMAN	abvd	BIRD	abvd_97_bird_1
ame	ame	AME	abvd	MALE PERSON	abvd_54_manmale_91
ami	ami	AMI	abvd	MALE PERSON	abvd_54_manmale_91
amoti	amoti	AMOTI	abvd	SNAKE	abvd_106_snake_12
amur	amur	AMUR	abvd	FAT (ORGANIC SUBSTANCE)	abvd_104_fatgrease_72
amuri	amuri	AMURI	abvd	FAT (ORGANIC SUBSTANCE)	abvd_104_fatgrease_72
amæn	amn	AMN	abvd	BIRD	abvd_97_bird_1
amʷot	amot	AMOT	abvd	SNAKE	abvd_106_snake_12
anam	anam	ANAM	abvd	MOSQUITO	abvd_109_mosquito_1
anatine	anatine	ANATINE	abvd	CORRECT (RIGHT)	-
angoango	angoango	ANGOANGO	abvd	YELLOW	abvd_150_yellow_9
ani	ani	ANI	abvd	EAT	abvd_37_toeat_1
arongi	arongi	ARONGI	abvd	DAY (NOT NIGHT)	abvd_168_day_6
asa	asa	ASA	abvd	WHAT	abvd_188_what_1
asilat	asilat	ASILAT	abvd	WORM	abvd_107_wormearthworm_1
aso-ku	asoku	ASOKU	abvd	HUSBAND	abvd_57_husband_2
asoo-	asoo	ASOO	abvd	HUSBAND	abvd_57_husband_2
asu	asu	ASU	abvd	RAT	abvd_102_rat_3
asu-k	asuk	ASUK	abvd	HUSBAND	abvd_57_husband_2
asue	asue	ASUE	abvd	RAT	abvd_102_rat_3
atano	atano	ATANO	abvd	EARTH (SOIL)	abvd_119_earthsoil_1
atas	atas	ATAS	abvd	SALT	abvd_125_salt_20
atasi	atasi	ATASI	abvd	SEA	abvd_124_sea_1
atau	atau	ATAU	abvd	FEMALE PERSON	abvd_55_womanfemale_81
ati	ati	ATI	abvd	BITE	abvd_41_tobite_1
au	au	AU	abvd	ROPE	abvd_65_rope_25
auh	auh	AUH	abvd	YEAR	abvd_169_year_41
auhu	auhu	AUHU	abvd	YEAR	abvd_169_year_41
aus	aus	AUS	abvd	RAIN (PRECIPITATION)	abvd_133_rain_1
aut	aut	AUT	abvd	LOUSE	abvd_108_louse_1
avatio	avatio	ABATIO	abvd	MOON	abvd_129_moon_6
a|ie	aie	AIE	abvd	FISH	abvd_111_fish_1
a|imo	aimo	AIMO	abvd	HOUSE	abvd_61_house_1
a|manu	amanu	AMANU	abvd	BIRD	abvd_97_bird_1
a|namu	anamu	ANAMU	abvd	MOSQUITO	abvd_109_mosquito_1
a|saa	asaa	ASAA	abvd	WHAT	abvd_188_what_1
a|use	ause	AUSE	abvd	RAIN (PRECIPITATION)	abvd_133_rain_1
a|utu	autu	AUTU	abvd	LOUSE	abvd_108_louse_1
aβati	aati	AATI	abvd	MOON	abvd_129_moon_6
aβatiu	aatiu	AATIU	abvd	MOON	abvd_129_moon_6
aβewe-n	aewen	AEWEN	abvd	WING	abvd_100_wing_89
aβoŋ	ao	AO	abvd	DAY (NOT NIGHT)	abvd_168_day_16
aβoŋsa	aosa	AOSA	abvd	WHEN	abvd_170_when_72
aβuki-n	aukin	AUKIN	abvd	TAIL	-
demi	demi	DEMI	abvd	THINK	abvd_21_tothink_13
e-hat	ehat	EHAT	abvd	FOUR	abvd_200_four_1
e-hati	ehati	EHATI	abvd	FOUR	abvd_200_four_1
e-lim	elim	ELIM	abvd	FIVE	abvd_201_five_1
e-lu	elu	ELU	abvd	TWO	abvd_198_two_1
eas	eas	EAS	abvd	SMOKE (EXHAUST)	abvd_145_smoke_2
eaŋ	ea	EA	abvd	WIND	abvd_136_wind_1
ehati	ehati	EHATI	abvd	FOUR	abvd_200_four_1
eiato-ku	eiatoku	EIATOKU	abvd	LIVER	abvd_17_liver_32
eim	eim	EIM	abvd	HOUSE	abvd_61_house_1
ein	ein	EIN	abvd	NARROW	-
eisilu-ku	eisiluku	EISILUKU	abvd	BACK	abvd_13_back_130
eiβorohus	eiorohus	EIOROHUS	abvd	FOREST	abvd_127_woodsforest_88
elue	elue	ELUE	abvd	TWO	abvd_198_two_1
en	en	EN	abvd	IN	abvd_174_ininside_49?
eni	eni	ENI	abvd	AT	-
esilu-k	esiluk	ESILUK	abvd	BACK	abvd_13_back_130
etel	etel	ETEL	abvd	THREE	abvd_199_three_1
etelu	etelu	ETELU	abvd	THREE	abvd_199_three_1
etelu̥	etelu̥	ETELU	abvd	THREE	abvd_199_three_1
eβoue-n	eouen	EOUEN	abvd	WING	abvd_100_wing_89
eβu	eu	EU	abvd	ROTTEN	-
fatike-n	fatiken	PATIKEN	abvd	TAIL	abvd_105_tail_65
fatisi-k	fatisik	PATISIK	abvd	SHOULDER	abvd_19_shoulder_40
fatu-ku	fatuku	PATUKU	abvd	HEAD	abvd_24_head_9
faulul	faulul	PAULUL	abvd	THUNDER	abvd_134_thunder_83
faŋo-k	faok	PAOK	abvd	BELLY	abvd_14_belly_61
feyen	feyen	PEUEN	abvd	SAND	abvd_121_sand_1
fo	fo	PO	abvd	ROTTEN	abvd_112_rotten_52
foŋien	foien	POIEN	abvd	NIGHT	abvd_167_night_1
fuli-ŋaso-ku	fuliasoku	PULIASOKU	abvd	NOSE	abvd_27_nose_1
fuli-ŋasu-ku	fuliasuku	PULIASUKU	abvd	NOSE	abvd_27_nose_1
haau	haau	HAAU	abvd	NEW	abvd_163_new_1
hafifi	hafifi	HAPIPI	abvd	SMALL	abvd_152_small_108
hafifu	hafifu	HAPIPU	abvd	THIN	-
hai ai	haiai	HAIAI	abvd	FRUIT	abvd_117_fruit_37
hai-	hai	HAI	abvd	FRUIT	abvd_117_fruit_37?
haitehau	haitehau	HAITEHAU	abvd	NEW	abvd_163_new_55
haitematu	haitematu	HAITEMATU	abvd	OLD	abvd_162_old_1
haitenek	haitenek	HAITENEK	abvd	PERSON	-
halualim	halualim	HALUALIM	abvd	TEN	abvd_206_ten_4
havivii	havivii	HABIBII	abvd	SMALL	abvd_152_small_108
haβiβi	haii	HAII	abvd	SMALL	abvd_152_small_108
he-ku	heku	HEKU	abvd	HAND	abvd_1_hand_16
he-ku teⁿdan	hekutedan	HEKUTEDAN	abvd	FOOT OR LEG	abvd_4_legfoot_52
hee-	hee	HEE	abvd	HAND	abvd_1_hand_16
heiai	heiai	HEIAI	abvd	FRUIT	abvd_117_fruit_37
henaa	henaa	HENAA	abvd	STEAL	abvd_73_tosteal_1
hetihao	hetihao	HETIHAO	abvd	NEW	abvd_163_new_55
hetimatu	hetimatu	HETIMATU	abvd	OLD	abvd_162_old_1
hi-k	hik	HIK	abvd	HAND	abvd_1_hand_10
hi-k tanetan	hiktanetan	HIKTANETAN	abvd	FOOT OR LEG	abvd_4_legfoot_52
hilesi	hilesi	HILESI	abvd	TURN	abvd_8_toturn_24
hili	hili	HILI	abvd	FEATHER	abvd_99_feather_1
hili-	hili	HILI	abvd	FEATHER	abvd_99_feather_1
hili-n	hilin	HILIN	abvd	FEATHER	abvd_99_feather_1
hilife-ku	hilifeku	HILIPEKU	abvd	SKIN	abvd_12_skin_1
hilihilii	hilihilii	HILIHILII	abvd	RED	abvd_149_red_18
hiliive-	hiliive	HILIIBE	abvd	SKIN	abvd_12_skin_1
hiliβe-k	hiliek	HILIEK	abvd	SKIN	abvd_12_skin_1
hilu-	hilu	HILU	abvd	HAIR	abvd_26_hair_31
hilu-k	hiluk	HILUK	abvd	HAIR	abvd_26_hair_31
hilu-ku	hiluku	HILUKU	abvd	HAIR	abvd_26_hair_31
hire-k	hirek	HIREK	abvd	NECK	abvd_25_neck_43
hire-ku	hireku	HIREKU	abvd	NECK	abvd_25_neck_43
hiree-	hiree	HIREE	abvd	NECK	abvd_25_neck_43
hiri-k	hirik	HIRIK	abvd	NECK	abvd_25_neck_43
hiteali	hiteali	HITEALI	abvd	LAUGH	abvd_33_tolaugh_84
hiteni	hiteni	HITENI	abvd	SAY	abvd_64_tosay_16
hitu	hitu	HITU	abvd	STAR	abvd_130_star_1
hitue	hitue	HITUE	abvd	STAR	abvd_130_star_1
hoi	hoi	HOI	abvd	THATCH OR ROOF	-
holau	holau	HOLAU	abvd	CLIMB	abvd_172_toclimb_38
horoβus	horous	HOROUS	abvd	FLESH OR MEAT	abvd_103_meatflesh_10
huli	huli	HULI	abvd	BUY	abvd_91_tobuy_1
hulii	hulii	HULII	abvd	DOG	abvd_96_dog_7
hulikati	hulikati	HULIKATI	abvd	HOLD	abvd_89_tohold_34
hunga-	hunga	HUNGA	abvd	FLOWER	abvd_116_flower_1
husi	husi	HUSI	abvd	FLESH OR MEAT	abvd_103_meatflesh_10
husio	husio	HUSIO	abvd	FLESH OR MEAT	abvd_103_meatflesh_10
hute	hute	HUTE	abvd	BLUNT	abvd_82_dullblunt_16?
huŋai	huai	HUAI	abvd	FLOWER	abvd_116_flower_1?
huŋaiai	huaiai	HUAIAI	abvd	FLOWER	abvd_116_flower_1?
ialu	ialu	IALU	abvd	WE	-
ili	ili	ILI	abvd	DIG	abvd_90_todig_1
inau	inau	INAU	abvd	I	abvd_182_i_1
ir	ir	IR	abvd	WE	abvd_185_we_I
isei	isei	ISEI	abvd	WHO	abvd_189_who_1
isi	isi	ISI	abvd	CRY	abvd_34_tocry_66
iso-	iso	ISO	abvd	NAME	abvd_63_name_1
iso-ku	isoku	ISOKU	abvd	NAME	abvd_63_name_1
ka	ka	KA	abvd	AND	abvd_192_and_1
kaa	kaa	KAA	abvd	FLY (MOVE THROUGH AIR)	abvd_101_tofly_14
kaane	kaane	KAANE	abvd	SHARP	abvd_81_sharp_14
kafe	kafe	KAPE	abvd	WHERE	abvd_181_where_3
kai	kai	KAI	abvd	HE OR SHE	abvd_184_heshe_1
kaie	kaie	KAIE	abvd	HE OR SHE	abvd_184_heshe_1
kaiko	kaiko	KAIKO	abvd	THOU	abvd_183_thou_1
kaiko̥	kaiko̥	KAIKO	abvd	THOU	abvd_183_thou_1
kail	kail	KAIL	abvd	THEY	abvd_187_they_1
kailue	kailue	KAILUE	abvd	THEY	abvd_187_they_1?
kali	kali	KALI	abvd	SCRATCH	abvd_77_toscratch_12
kami	kami	KAMI	abvd	YOU	abvd_186_you_1
kamilu	kamilu	KAMILU	abvd	YOU	abvd_186_you_1
kan	kan	KAN	abvd	SHARP	abvd_81_sharp_14
kavee	kavee	KABEE	abvd	WHERE	abvd_181_where_3
kaβe	kae	KAE	abvd	WHERE	abvd_181_where_3
kei	kei	KEI	abvd	HE OR SHE	abvd_184_heshe_1
keik	keik	KEIK	abvd	THOU	abvd_183_thou_1
keiko	keiko	KEIKO	abvd	THOU	abvd_183_thou_1
keil	keil	KEIL	abvd	THEY	abvd_187_they_1
kekaβei	kekaei	KEKAEI	abvd	WHERE	abvd_181_where_3
kilep	kilep	KILEP	abvd	FOG	-
koa	koa	KOA	abvd	THIS	-
koa keiek	koakeiek	KOAKEIEK	abvd	THAT	-
komai	komai	KOMAI	abvd	WE	abvd_185_we_E
komal	komal	KOMAL	abvd	WE	-
komalu	komalu	KOMALU	abvd	WE	abvd_185_we_2
kumi	kumi	KUMI	abvd	SQUEEZE	abvd_88_tosqueeze_14?
kuuke	kuuke	KUUKE	abvd	COOK (SOMETHING)	abvd_39_tocook_L
laapoo	laapoo	LAAPOO	abvd	FALL	-
laau	laau	LAAU	abvd	HUNT	abvd_69_tohunt_10
lahetae	lahetae	LAHETAE	abvd	SIX	abvd_202_six_20
lahitae	lahitae	LAHITAE	abvd	SIX	abvd_202_six_20
lasi-	lasi	LASI	abvd	BRANCH	-
lau-	lau	LAU	abvd	LEAF	abvd_114_leaf_1
lau-hati	lauhati	LAUHATI	abvd	NINE	abvd_205_nine_20
lau-lu	laulu	LAULU	abvd	SEVEN	abvd_203_seven_13
lau-telu	lautelu	LAUTELU	abvd	EIGHT	abvd_204_eight_5
laubunai	laubunai	LAUBUNAI	abvd	GRASS	abvd_118_grass_31?
lawai	lawai	LAWAI	abvd	LEAF	abvd_114_leaf_17
la|tino-	latino	LATINO	abvd	MOTHER	abvd_59_mother_1
le-ai	leai	LEAI	abvd	FOREST	-
leato-	leato	LEATO	abvd	LIVER	abvd_17_liver_38
leato-ku	leatoku	LEATOKU	abvd	LIVER	abvd_17_liver_38
lefawe-n	lefawen	LEPAWEN	abvd	WING	abvd_100_wing_7
leioi	leioi	LEIOI	abvd	FOREST	-
lesi	lesi	LESI	abvd	SEE	abvd_46_tosee_14
levaue-	levaue	LEBAUE	abvd	WING	abvd_100_wing_7
liai	liai	LIAI	abvd	ROOT	-
lii-	lii	LII	abvd	ROOT	abvd_115_root_17?
lite	lite	LITE	abvd	ROOT	abvd_115_root_18
loai	loai	LOAI	abvd	LEAF	abvd_114_leaf_17
loho-k	lohok	LOHOK	abvd	TOOTH	abvd_31_tooth_1
lohono	lohono	LOHONO	abvd	CHILD	-
longe	longe	LONGE	abvd	HEAR	abvd_44_tohear_1
longolongo	longolongo	LONGOLONGO	abvd	KNOW (SOMETHING)	abvd_20_toknowbeknowledgeable_19
lou-hat	louhat	LOUHAT	abvd	NINE	abvd_205_nine_20
lou-lu	loulu	LOULU	abvd	SEVEN	abvd_203_seven_2
lou-tel	loutel	LOUTEL	abvd	EIGHT	abvd_204_eight_5
luhi	luhi	LUHI	abvd	PLANT (SOMETHING)	abvd_84_toplant_9
luho-	luho	LUHO	abvd	TOOTH	abvd_31_tooth_1
luho-k	luhok	LUHOK	abvd	TOOTH	abvd_31_tooth_1
luho-ku	luhoku	LUHOKU	abvd	TOOTH	abvd_31_tooth_1
luue	luue	LUUE	abvd	VOMIT	abvd_35_tovomit_8
maahi	maahi	MAAHI	abvd	PAINFUL OR SICK	abvd_160_painfulsick_1
maamaa	maamaa	MAAMAA	abvd	YAWN	abvd_47_toyawn_19
madili	madili	MADILI	abvd	COLD	abvd_139_cold_1
mahamah	mahamah	MAHAMAH	abvd	CLOUD	abvd_131_cloud_39
mahinihini	mahinihini	MAHINIHINI	abvd	THIN	abvd_156_thin_1
mahmah	mahmah	MAHMAH	abvd	CLOUD	abvd_131_cloud_39
mahumahu	mahumahu	MAHUMAHU	abvd	CLOUD	abvd_131_cloud_39
mai	mai	MAI	abvd	COME	abvd_7_tocome_1
maleles ona-k	malelesonak	MALELESONAK	abvd	LIVER	-
maliatano̥	maliatano̥	MALIATANO	abvd	DIRTY	abvd_10_dirty_3?
malikelik	malikelik	MALIKELIK	abvd	BLACK	abvd_147_black_41
malikeliko	malikeliko	MALIKELIKO	abvd	BLACK	abvd_147_black_41
malu	malu	MALU	abvd	CORRECT (RIGHT)	abvd_166_correcttrue_129
mamau nak	mamaunak	MAMAUNAK	abvd	MOTHER	abvd_59_mother_5
mame-ku	mameku	MAMEKU	abvd	MOTHER	abvd_59_mother_5
marisoo	marisoo	MARISOO	abvd	BIG	abvd_153_big_140
marite	marite	MARITE	abvd	BIG	abvd_153_big_113
maritei	maritei	MARITEI	abvd	BIG	abvd_153_big_113
mas	mas	MAS	abvd	COOK (SOMETHING)	abvd_39_tocook_19
maso	maso	MASO	abvd	COOK (SOMETHING)	abvd_39_tocook_19
matau	matau	MATAU	abvd	FEAR (BE AFRAID)	abvd_22_tofear_1
mate	mate	MATE	abvd	BE DEAD OR DIE	abvd_75_todiebedead_1
matetel	matetel	MATETEL	abvd	THICK	abvd_157_thick_3
matetelu	matetelu	MATETELU	abvd	THICK	abvd_157_thick_3
matilu	matilu	MATILU	abvd	SLEEP	abvd_48_tosleep_1
matilu volarola	matiluvolarola	MATILUBOLAROLA	abvd	DREAM (SOMETHING)	abvd_50_todream_11
matu	matu	MATU	abvd	RIGHT	abvd_3_right_5
matuu	matuu	MATUU	abvd	OLD	abvd_162_old_1
mauli	mauli	MAULI	abvd	BE ALIVE	abvd_76_tolivebealive_1
ma|ile	maile	MAILE	abvd	LEFT	abvd_2_left_1
ma|tuu	matuu	MATUU	abvd	RIGHT	abvd_3_right_5
maβuliai	mauliai	MAULIAI	abvd	STICK	abvd_79_stickwood_28
maⁿdil	madil	MADIL	abvd	COLD	abvd_139_cold_1
maⁿdili̥	madili̥	MADILI	abvd	COLD	abvd_139_cold_1
me-k	mek	MEK	abvd	TONGUE	abvd_32_tongue_7
me-ku	meku	MEKU	abvd	TONGUE	abvd_32_tongue_7
me-mes	memes	MEMES	abvd	DRY	abvd_140_dry_11
meahos	meahos	MEAHOS	abvd	MALE PERSON	abvd_54_manmale_96
meas	meas	MEAS	abvd	HEAVY	abvd_142_heavy_33
mee-	mee	MEE	abvd	TONGUE	abvd_32_tongue_7
melas	melas	MELAS	abvd	HEAVY	abvd_142_heavy_33
melasi	melasi	MELASI	abvd	HEAVY	abvd_142_heavy_33
melasi̥	melasi̥	MELASI	abvd	HEAVY	abvd_142_heavy_33
memau	memau	MEMAU	abvd	SHY OR ASHAMED	abvd_161_shyashamed_35?
memeasen	memeasen	MEMEASEN	abvd	GREEN	abvd_151_green_8
memer	memer	MEMER	abvd	WET	abvd_141_wet_35
menai ahaŋo	menaiahao	MENAIAHAO	abvd	ASH	abvd_146_ashes_109
meneihaŋ	meneiha	MENEIHA	abvd	ASH	abvd_146_ashes_109
mermer	mermer	MERMER	abvd	WET	abvd_141_wet_35
merumeru	merumeru	MERUMERU	abvd	WET	abvd_141_wet_35
mes	mes	MES	abvd	DRY	abvd_140_dry_11
mesai	mesai	MESAI	abvd	PAINFUL OR SICK	abvd_160_painfulsick_1
mesalo	mesalo	MESALO	abvd	FISH	abvd_111_fish_52
mesau	mesau	MESAU	abvd	FISH	abvd_111_fish_52
mese	mese	MESE	abvd	DRY	abvd_140_dry_11
meta-k	metak	METAK	abvd	EYE	abvd_45_eye_1
meterumrum	meterumrum	METERUMRUM	abvd	LAKE	abvd_126_lake_66
meto-	meto	METO	abvd	EYE	abvd_45_eye_1
meto-k	metok	METOK	abvd	EYE	abvd_45_eye_1
meto-ku	metoku	METOKU	abvd	EYE	abvd_45_eye_1
mi-k	mik	MIK	abvd	TONGUE	abvd_32_tongue_7
moah	moah	MOAH	abvd	WHITE	abvd_148_white_98
moil	moil	MOIL	abvd	LEFT	abvd_2_left_1
molahose	molahose	MOLAHOSE	abvd	MALE PERSON	abvd_54_manmale_96
molatine	molatine	MOLATINE	abvd	PERSON	abvd_53_personhumanbeing_7
mosan	mosan	MOSAN	abvd	FLOWER	-
mukavee	mukavee	MUKABEE	abvd	HOW	abvd_194_how_58
mukaβe	mukae	MUKAE	abvd	HOW	abvd_194_how_58
muko	muko	MUKO	abvd	THIN	-
mukou	mukou	MUKOU	abvd	DRY	abvd_140_dry_29?
munai	munai	MUNAI	abvd	GRASS	abvd_118_grass_31
munake	munake	MUNAKE	abvd	IF	-
muni	muni	MUNI	abvd	DRINK	abvd_40_todrink_1
muoh	muoh	MUOH	abvd	WHITE	abvd_148_white_98
musite	musite	MUSITE	abvd	OLD	abvd_162_old_1
musīte	muste	MUSTE	abvd	DIRTY	abvd_10_dirty_82
mutin hafifi	mutinhafifi	MUTINHAPIPI	abvd	WARM	abvd_138_warm_12
muusi	muusi	MUUSI	abvd	SMELL (PERCEIVE)	abvd_29_tosniffsmell_65
mæhænihin	mhnihin	MHNIHIN	abvd	THIN	abvd_156_thin_1
mæs	ms	MS	abvd	COOK (SOMETHING)	abvd_39_tocook_19
mætetel	mtetel	MTETEL	abvd	THICK	abvd_157_thick_3
mætu	mtu	MTU	abvd	RIGHT	abvd_3_right_5
mæⁿde	mde	MDE	abvd	ROTTEN	abvd_112_rotten_116?
mʷail	mail	MAIL	abvd	LEFT	abvd_2_left_1
mʷatin onak	matinonak	MATINONAK	abvd	HUSBAND	-
mʷeahos	meahos	MEAHOS	abvd	MALE PERSON	abvd_54_manmale_96
mʷeatin	meatin	MEATIN	abvd	PERSON	abvd_53_personhumanbeing_7
mʷeaŋeaŋ	meaea	MEAEA	abvd	YELLOW	abvd_150_yellow_9
mʷeil	meil	MEIL	abvd	LEFT	abvd_2_left_1
mʷolasu̥	molasu̥	MOLASU	abvd	DUST	abvd_11_dust_20
naimo	naimo	NAIMO	abvd	IN	abvd_174_ininside_18
naman	naman	NAMAN	abvd	IF	-
nana	nana	NANA	abvd	MOTHER	abvd_59_mother_1
natu-k	natuk	NATUK	abvd	CHILD	abvd_56_child_5
natu-ku	natuku	NATUKU	abvd	CHILD	abvd_56_child_5
nesaa	nesaa	NESAA	abvd	ABOVE	abvd_175_above_11
netano	netano	NETANO	abvd	BELOW OR UNDER	abvd_176_below_9
ne|ngaise	nengaise	NENGAISE	abvd	WHEN	abvd_170_when_1
neŋais	neais	NEAIS	abvd	WHEN	abvd_170_when_1
neŋeis	neeis	NEEIS	abvd	WHEN	abvd_170_when_1
ngasi	ngasi	NGASI	abvd	CHEW	abvd_38_tochew_12
oai	oai	OAI	abvd	WATER	abvd_122_water_2
oho	oho	OHO	abvd	WHITE	abvd_148_white_13
okohis	okohis	OKOHIS	abvd	YELLOW	abvd_150_yellow_104
olo	olo	OLO	abvd	SWIM	abvd_9_toswim_8
oloolo	oloolo	OLOOLO	abvd	FLOW	abvd_123_toflow_32
oreli atou	oreliatou	ORELIATOU	abvd	EGG	abvd_98_egg_1
oreli-	oreli	ORELI	abvd	EGG	abvd_98_egg_1
oreliatu	oreliatu	ORELIATU	abvd	EGG	abvd_98_egg_1
oroliatu	oroliatu	OROLIATU	abvd	EGG	abvd_98_egg_1
ou-hat	ouhat	OUHAT	abvd	NINE	abvd_205_nine_20
ou-lu	oulu	OULU	abvd	SEVEN	abvd_203_seven_2
ou-tel	outel	OUTEL	abvd	EIGHT	abvd_204_eight_7
ouai	ouai	OUAI	abvd	LEAF	abvd_114_leaf_17
ouh	ouh	OUH	abvd	YEAR	abvd_169_year_90
oumunai	oumunai	OUMUNAI	abvd	GRASS	abvd_118_grass_31
oumʷunai	oumunai	OUMUNAI	abvd	GRASS	abvd_118_grass_31
ous	ous	OUS	abvd	RAIN (PRECIPITATION)	abvd_133_rain_1
out	out	OUT	abvd	LOUSE	abvd_108_louse_1
out ne-tan	outnetan	OUTNETAN	abvd	EARTH (SOIL)	abvd_119_earthsoil_1
oŋo-k	ook	OOK	abvd	MOUTH	abvd_30_mouth_80
oŋo-ku	ooku	OOKU	abvd	MOUTH	abvd_30_mouth_80
pare	pare	PARE	abvd	FASTEN	abvd_66_totieupfasten_35
puli-ŋasu-k	puliasuk	PULIASUK	abvd	NOSE	abvd_27_nose_1
pʷatu-k	patuk	PATUK	abvd	HEAD	abvd_24_head_9
ra-k	rak	RAK	abvd	BLOOD	abvd_23_blood_1
ra-ku	raku	RAKU	abvd	BLOOD	abvd_23_blood_1
raa-	raa	RAA	abvd	BLOOD	abvd_23_blood_1
ralingo-	ralingo	RALINGO	abvd	EAR	abvd_43_ear_1
raliŋe-k	raliek	RALIEK	abvd	EAR	abvd_43_ear_1
raliŋo-ku	ralioku	RALIOKU	abvd	EAR	abvd_43_ear_1
sali	sali	SALI	abvd	STAB	abvd_71_tostabpierce_14
sau|tine	sautine	SAUTINE	abvd	FAR	abvd_180_far_1
savo	savo	SABO	abvd	OTHER	abvd_190_other_37
sehe	sehe	SEHE	abvd	BREATHE	abvd_28_tobreathe_35
selu	selu	SELU	abvd	THREE	abvd_199_three_1
si-k	sik	SIK	abvd	BONE	abvd_15_bone_52
si-ku	siku	SIKU	abvd	BONE	abvd_15_bone_52
sii-	sii	SII	abvd	BONE	abvd_15_bone_52
sise	sise	SISE	abvd	PATH OR ROAD	abvd_6_roadpath_50
sisel	sisel	SISEL	abvd	PATH OR ROAD	abvd_6_roadpath_50
sooni	sooni	SOONI	abvd	THROW	abvd_94_tothrow_50
soutin	soutin	SOUTIN	abvd	FAR	abvd_180_far_72
susu	susu	SUSU	abvd	BREAST	abvd_18_breast_1
suusuu	suusuu	SUUSUU	abvd	BREAST	abvd_18_breast_1
taai	taai	TAAI	abvd	ONE	abvd_197_one_14
taaroho	taaroho	TAAROHO	abvd	FOG	-
tae	tae	TAE	abvd	ONE	abvd_197_one_14
tahaus	tahaus	TAHAUS	abvd	GOOD	abvd_164_good_124
tahilihili	tahilihili	TAHILIHILI	abvd	RED	abvd_149_red_18
tahos	tahos	TAHOS	abvd	GOOD	abvd_164_good_124
tahosi	tahosi	TAHOSI	abvd	GOOD	abvd_164_good_65
tahul	tahul	TAHUL	abvd	DIRTY	abvd_10_dirty_103
tai	tai	TAI	abvd	ONE	abvd_197_one_14
talauai	talauai	TALAUAI	abvd	GREEN	-
tame-ku	tameku	TAMEKU	abvd	FATHER	abvd_60_father_1
tamo-	tamo	TAMO	abvd	FATHER	abvd_60_father_1
tamurelo	tamurelo	TAMURELO	abvd	SHORT	abvd_154_short_115
taoh	taoh	TAOH	abvd	WHITE	-
tata	tata	TATA	abvd	FATHER	abvd_60_father_19
tatau nak	tataunak	TATAUNAK	abvd	FATHER	abvd_60_father_19
tavelehi	tavelehi	TABELEHI	abvd	LONG	abvd_155_long_60
taŋa-ku	taaku	TAAKU	abvd	BELLY	abvd_14_belly_60
taŋoaŋo	taoao	TAOAO	abvd	YELLOW	abvd_150_yellow_9
taβalahi̥	taalahi̥	TAALAHI	abvd	LONG	abvd_155_long_16
taβeah	taeah	TAEAH	abvd	LONG	abvd_155_long_60
taβælah	talah	TALAH	abvd	LONG	abvd_155_long_16
teilaŋ	teila	TEILA	abvd	SKY	abvd_128_sky_1
telaŋ	tela	TELA	abvd	SKY	abvd_128_sky_1
tel|langi	tellangi	TELLANGI	abvd	SKY	abvd_128_sky_1
tetal	tetal	TETAL	abvd	SNAKE	abvd_106_snake_13
tetali	tetali	TETALI	abvd	SNAKE	abvd_106_snake_13
tevi	tevi	TEBI	abvd	SWELL	-
tii	tii	TII	abvd	HIT	abvd_72_tohit_8
tii|saa	tiisaa	TIISAA	abvd	BAD OR EVIL	abvd_165_badevil_1
tilii	tilii	TILII	abvd	SEW	abvd_67_tosew_13
tine-	tine	TINE	abvd	INTESTINES	abvd_16_intestines_1
tino-k	tinok	TINOK	abvd	INTESTINES	abvd_16_intestines_1
tino-ku	tinoku	TINOKU	abvd	INTESTINES	abvd_16_intestines_1
tinu	tinu	TINU	abvd	WARM	abvd_138_warm_12
tisa	tisa	TISA	abvd	BAD OR EVIL	abvd_165_badevil_1
tita-k	titak	TITAK	abvd	CHILD	abvd_56_child_54
tive	tive	TIBE	abvd	SPIT	abvd_36_tospit_15
toi	toi	TOI	abvd	CUT OR HACK	abvd_78_tocuthack_1
tookusu	tookusu	TOOKUSU	abvd	HIDE	abvd_171_tohide_6
toomalu	toomalu	TOOMALU	abvd	STAND	abvd_52_tostand_25
tootano	tootano	TOOTANO	abvd	SIT	abvd_51_tosit_80
toβuol	touol	TOUOL	abvd	NO OR NOT	abvd_195_nonot_103
tup|asu	tupasu	TUPASU	abvd	SMOKE (EXHAUST)	abvd_145_smoke_2
tuvo	tuvo	TUBO	abvd	SHOOT	abvd_70_toshoot_10
uasi	uasi	UASI	abvd	KILL	abvd_74_tokill_12
uhi	uhi	UHI	abvd	BLOW (OF WIND)	abvd_137_toblow_4
ulue	ulue	ULUE	abvd	GROW	abvd_86_togrow_30
umen	umen	UMEN	abvd	WORK (ACTIVITY)	abvd_83_towork_1
umin	umin	UMIN	abvd	WORK (ACTIVITY)	abvd_83_towork_1
umo	umo	UMO	abvd	WORK (ACTIVITY)	abvd_83_towork_1
umʷen	umen	UMEN	abvd	WORK (ACTIVITY)	abvd_83_towork_1
ungo-	ungo	UNGO	abvd	MOUTH	abvd_30_mouth_80
uŋo-k	uok	UOK	abvd	MOUTH	abvd_30_mouth_80
vaasi	vaasi	BAASI	abvd	SPLIT	abvd_80_tosplit_4
valiaa	valiaa	BALIAA	abvd	SPIDER	abvd_110_spider_1?
vange	vange	BANGE	abvd	BELLY	abvd_14_belly_76
vasiie	vasiie	BASIIE	abvd	ALL	abvd_191_all_47?
vatikee-	vatikee	BATIKEE	abvd	TAIL	-
vatisii-	vatisii	BATISII	abvd	SHOULDER	abvd_19_shoulder_65
vatu-	vatu	BATU	abvd	HEAD	abvd_24_head_9
vauluulu	vauluulu	BAULUULU	abvd	THUNDER	abvd_134_thunder_2
veine	veine	BEINE	abvd	SAND	abvd_121_sand_1
vesesali	vesesali	BESESALI	abvd	NEAR	abvd_179_near_55
voiaau	voiaau	BOIAAU	abvd	ROPE	-
vongi|ene	vongiene	BONGIENE	abvd	NIGHT	abvd_167_night_1
voo	voo	BOO	abvd	ROTTEN	abvd_112_rotten_52
vulimolasu	vulimolasu	BULIMOLASU	abvd	DUST	abvd_11_dust_20
vulingasu-	vulingasu	BULINGASU	abvd	NOSE	abvd_27_nose_1
vuoli	vuoli	BUOLI	abvd	NO OR NOT	abvd_195_nonot_116
yalu	yalu	UALU	abvd	WE	-
βaŋe-k	aek	AEK	abvd	BELLY	abvd_14_belly_67
βeien	eien	EIEN	abvd	SAND	abvd_121_sand_1
βesesal	esesal	ESESAL	abvd	NEAR	-
βiao	iao	IAO	abvd	ROPE	abvd_65_rope_69
βihili	ihili	IHILI	abvd	RED	abvd_149_red_18
βilihili	ilihili	ILIHILI	abvd	RED	abvd_149_red_18
βistat mutin	istatmutin	ISTATMUTIN	abvd	WARM	-
βoien	oien	OIEN	abvd	SAND	abvd_121_sand_1
βou lul	oulul	OULUL	abvd	THUNDER	abvd_134_thunder_83
βoulul	oulul	OULUL	abvd	THUNDER	abvd_134_thunder_83
βoŋien	oien	OIEN	abvd	NIGHT	abvd_167_night_1
βuli-mʷalas	ulimalas	ULIMALAS	abvd	ASH	abvd_146_ashes_30
βulimeas	ulimeas	ULIMEAS	abvd	DUST	abvd_11_dust_20
βulimʷalas	ulimalas	ULIMALAS	abvd	DUST	abvd_11_dust_20
βulioai	ulioai	ULIOAI	abvd	LAKE	-
βutali	utali	UTALI	abvd	NARROW	-
βwatisi-n	watisin	WATISIN	abvd	SHOULDER	abvd_19_shoulder_65
βʷatikele-n	atikelen	ATIKELEN	abvd	TAIL	abvd_105_tail_65
ᵑgan	gan	GAN	abvd	SHARP	abvd_81_sharp_14
