Word	IPA	SCA	Source	Concept_ID	Cognate_Set_ID
aduŋ	adu	ADU	abvd	FAT (ORGANIC SUBSTANCE)	-
akuy	akuy	AKUU	abvd	I	abvd_182_i_1
alan	alan	ALAN	abvd	PATH OR ROAD	abvd_6_roadpath_1
amé	am	AM	abvd	FATHER	abvd_60_father_1
anan	anan	ANAN	abvd	THAT	abvd_178_that_1
anih	anih	ANIH	abvd	THIS	abvd_177_this_1
anit	anit	ANIT	abvd	SKIN	abvd_12_skin_2
ap	ap	AP	abvd	FOG	-
apeŋ	ape	APE	abvd	EAR	-
apuy	apuy	APUU	abvd	FIRE	abvd_143_fire_1
aran	aran	ARAN	abvd	NAME	abvd_63_name_1
aru	aru	ARU	abvd	LONG	abvd_155_long_1?
asuʔ	asuʔ	ASUH	abvd	DOG	abvd_96_dog_1
ataʔ	ataʔ	ATAH	abvd	WATER	-
atih	atih	ATIH	abvd	OTHER	-
até	at	AT	abvd	LIVER	abvd_17_liver_1
avuʔ	avuʔ	ABUH	abvd	ASH	abvd_146_ashes_1
ayaʔ	ayaʔ	AUAH	abvd	BIG	abvd_153_big_1
ba	ba	BA	abvd	MOUTH	abvd_30_mouth_1
bahat	bahat	BAHAT	abvd	HEAVY	abvd_142_heavy_1
bahuy	bahuy	BAHUU	abvd	WIND	abvd_136_wind_25?
basa	basa	BASA	abvd	WET	abvd_141_wet_1
batuʔ	batuʔ	BATUH	abvd	STONE	abvd_120_stone_1
bawaŋ	bawa	BAWA	abvd	LAKE	abvd_126_lake_13
baŋet	baet	BAET	abvd	SEA	abvd_124_sea_24
bekilet	bekilet	BEKILET	abvd	LIGHTNING	abvd_135_lightning_1
bela	bela	BELA	abvd	RED	-
belariʔ	belariʔ	BELARIH	abvd	THUNDER	-
betuŋ	betu	BETU	abvd	SWELL	abvd_87_toswell_16
biti	biti	BITI	abvd	STAND	-
biʔik	biʔik	BIHIK	abvd	SHORT	abvd_154_short_54
bua	bua	BUA	abvd	FRUIT	abvd_117_fruit_1
buk	buk	BUK	abvd	HAIR	abvd_26_hair_1
bulan	bulan	BULAN	abvd	MOON	abvd_129_moon_1
buluʔ	buluʔ	BULUH	abvd	FEATHER	abvd_99_feather_1
butit	butit	BUTIT	abvd	BELLY	abvd_14_belly_24
buŋa	bua	BUA	abvd	FLOWER	abvd_116_flower_1
daha	daha	DAHA	abvd	BLOOD	abvd_23_blood_1
dahaʔ	dahaʔ	DAHAH	abvd	THEY	-
dahin	dahin	DAHIN	abvd	AND	-
daʔan	daʔan	DAHAN	abvd	BRANCH	abvd_113_branch_1
daʔun	daʔun	DAHUN	abvd	LEAF	abvd_114_leaf_1
do	do	DO	abvd	DAY (NOT NIGHT)	abvd_168_day_11
duak pulu	duakpulu	DUAKPULU	abvd	TWENTY	-
duaʔ	duaʔ	DUAH	abvd	TWO	abvd_198_two_1
duh	duh	DUH	abvd	FEMALE PERSON	abvd_55_womanfemale_15
dui	dui	DUI	abvd	DRINK	-
duman	duman	DUMAN	abvd	YEAR	abvd_169_year_18
duʔuk	duʔuk	DUHUK	abvd	SMALL	abvd_152_small_1
hait	hait	HAIT	abvd	SAND	-
halem	halem	HALEM	abvd	IN	abvd_174_ininside_1
haleŋ	hale	HALE	abvd	WORM	abvd_107_wormearthworm_15
hapo	hapo	HAPO	abvd	THATCH OR ROOF	abvd_62_thatchroof_16
hawan	hawan	HAWAN	abvd	HUSBAND	abvd_57_husband_2
haʔ	haʔ	HAH	abvd	AT	-
haʔih	haʔih	HAHIH	abvd	SHY OR ASHAMED	-
haʔujuŋ	haʔuju	HAHUYU	abvd	ABOVE	abvd_175_above_15
heñaʔ	heaʔ	HEAH	abvd	SALT	abvd_125_salt_16
heŋem	heem	HEEM	abvd	COLD	abvd_139_cold_21
hi	hi	HI	abvd	WHO	abvd_189_who_1
hiaʔ	hiaʔ	HIAH	abvd	HE OR SHE	abvd_184_heshe_1
hida	hida	HIDA	abvd	BELOW OR UNDER	abvd_176_below_19?
higem	higem	HIGEM	abvd	HOLD	abvd_89_tohold_1
hinuʔ	hinuʔ	HINUH	abvd	WHERE	abvd_181_where_1
hiné	hin	HIN	abvd	MOTHER	abvd_59_mother_1
hiran	hiran	HIRAN	abvd	WHEN	abvd_170_when_1
hulé	hul	HUL	abvd	LEFT	abvd_2_left_22
ikam	ikam	IKAM	abvd	YOU	abvd_186_you_1
ikaʔ	ikaʔ	IKAH	abvd	THOU	abvd_183_thou_1
ikuh	ikuh	IKUH	abvd	TAIL	abvd_105_tail_1
ipaʔ	ipaʔ	IPAH	abvd	TOOTH	abvd_31_tooth_1
itam	itam	ITAM	abvd	WE	abvd_185_we_1
j-em-ahut	jemahut	YEMAHUT	abvd	SEW	abvd_67_tosew_24
jam	jam	YAM	abvd	KNOW (SOMETHING)	-
jaʔek	jaʔek	YAHEK	abvd	BAD OR EVIL	abvd_165_badevil_1
jela	jela	YELA	abvd	TONGUE	abvd_32_tongue_4
jeleŋ	jele	YELE	abvd	NEAR	-
ji	ji	YI	abvd	ONE	abvd_197_one_1?
ji'atuh	jiatuh	YIATUH	abvd	HUNDRED	-
ji'libuk	jilibuk	YILIBUK	abvd	THOUSAND	-
jinun	jinun	YINUN	abvd	NO OR NOT	-
kaka	kaka	KAKA	abvd	HUNT	-
kamiʔ	kamiʔ	KAMIH	abvd	WE	abvd_185_we_2
kapal	kapal	KAPAL	abvd	THICK	abvd_157_thick_1
kapit	kapit	KAPIT	abvd	WING	abvd_100_wing_46
kasa	kasa	KASA	abvd	FOOT OR LEG	-
kasel	kasel	KASEL	abvd	BLUNT	-
kayuʔ	kayuʔ	KAUUH	abvd	STICK	abvd_79_stickwood_1
kelunan	kelunan	KELUNAN	abvd	PERSON	abvd_53_personhumanbeing_17
kerawiŋ	kerawi	KERAWI	abvd	STAR	-
keraʔ	keraʔ	KERAH	abvd	NECK	-
kesiŋ	kesi	KESI	abvd	LAUGH	-
kuhuŋ	kuhu	KUHU	abvd	HEAD	abvd_24_head_27
kuman	kuman	KUMAN	abvd	EAT	abvd_37_toeat_1
kunuŋ	kunu	KUNU	abvd	YELLOW	abvd_150_yellow_1
kutuʔ	kutuʔ	KUTUH	abvd	LOUSE	abvd_108_louse_1
l-em-até	lemat	LEMAT	abvd	KILL	abvd_74_tokill_2
l-em-ura	lemura	LEMURA	abvd	SPIT	abvd_36_tospit_1
lakiʔ	lakiʔ	LAKIH	abvd	MALE PERSON	abvd_54_manmale_2
lasu	lasu	LASU	abvd	WARM	abvd_138_warm_22
lavo	lavo	LABO	abvd	RAT	abvd_102_rat_1
laŋet	laet	LAET	abvd	CLOUD	abvd_131_cloud_3
laŋit	lait	LAIT	abvd	SKY	abvd_128_sky_1
laʔuŋ	laʔu	LAHU	abvd	BACK	-
legak	legak	LEGAK	abvd	FALL	abvd_95_tofall_27?
lim	lim	LIM	abvd	ALL	-
lima' pulu	limapulu	LIMAPULU	abvd	FIFTY	-
limaʔ	limaʔ	LIMAH	abvd	FIVE	abvd_201_five_1
lisun	lisun	LISUN	abvd	SMOKE (EXHAUST)	abvd_145_smoke_19
lu	lu	LU	abvd	NEEDLE (FOR SEWING)	abvd_68_needle_14?
m-asep	masep	MASEP	abvd	DIRTY	abvd_10_dirty_25
m-uhav	muhav	MUHAB	abvd	YAWN	abvd_47_toyawn_19
madaŋ	mada	MADA	abvd	FLY (MOVE THROUGH AIR)	abvd_101_tofly_19
mahar	mahar	MAHAR	abvd	BLOW (OF WIND)	-
malem	malem	MALEM	abvd	NIGHT	abvd_167_night_20
manuk	manuk	MANUK	abvd	BIRD	abvd_97_bird_1
maram	maram	MARAM	abvd	ROTTEN	abvd_112_rotten_25
mariŋ	mari	MARI	abvd	NEW	-
maruŋ	maru	MARU	abvd	CORRECT (RIGHT)	abvd_166_correcttrue_20
masik	masik	MASIK	abvd	FISH	-
mataʔ	mataʔ	MATAH	abvd	EYE	abvd_45_eye_1
maté	mat	MAT	abvd	BE DEAD OR DIE	abvd_75_todiebedead_1
maʔet	maʔet	MAHET	abvd	BITE	-
megaŋ	mega	MEGA	abvd	DRY	abvd_140_dry_1
megi	megi	MEGI	abvd	SAY	-
mejat heŋaʔ	mejatheaʔ	MEYATHEAH	abvd	BREATHE	-
meluʔ	meluʔ	MELUH	abvd	SIT	-
meset	meset	MESET	abvd	SQUEEZE	abvd_88_tosqueeze_27
miaŋ	mia	MIA	abvd	SPLIT	-
mili	mili	MILI	abvd	CHOOSE	abvd_85_tochoose_1
miri	miri	MIRI	abvd	LIE DOWN	abvd_49_toliedown_17
miteŋ	mite	MITE	abvd	CUT OR HACK	-
mujap	mujap	MUYAP	abvd	COUNT	-
muku	muku	MUKU	abvd	OLD	-
mulu	mulu	MULU	abvd	STAB	-
murip	murip	MURIP	abvd	BE ALIVE	abvd_76_tolivebealive_1
muʔ	muʔ	MUH	abvd	BREAST	-
n-uta	nuta	NUTA	abvd	VOMIT	abvd_35_tovomit_1
na apuy	naapuy	NAAPUU	abvd	COOK (SOMETHING)	-
naker	naker	NAKER	abvd	CLIMB	abvd_172_toclimb_1?
nako	nako	NAKO	abvd	STEAL	abvd_73_tosteal_1
naŋʔap	naʔap	NAHAP	abvd	OPEN	-
nem	nem	NEM	abvd	SIX	abvd_202_six_1
nimek	nimek	NIMEK	abvd	SHOOT	abvd_70_toshoot_49
nun	nun	NUN	abvd	WHAT	abvd_188_what_2
nunuʔ	nunuʔ	NUNUH	abvd	HOW	-
nutuk	nutuk	NUTUK	abvd	POUND	abvd_93_topoundbeat_2
nutuŋ	nutu	NUTU	abvd	BURN	abvd_144_toburn_19
nyepa	nyepa	NUEPA	abvd	CHEW	-
nyohok	nyohok	NUOHOK	abvd	HIDE	-
né	n	N	abvd	COME	abvd_7_tocome_1
pakat	pakat	PAKAT	abvd	ROOT	abvd_115_root_2?
pano	pano	PANO	abvd	WALK	abvd_5_towalk_2
pat	pat	PAT	abvd	FOUR	abvd_200_four_1
perah	perah	PERAH	abvd	PAINFUL OR SICK	-
pikir	pikir	PIKIR	abvd	THINK	abvd_21_tothink_22
pitan	pitan	PITAN	abvd	NINE	-
pitem	pitem	PITEM	abvd	BLACK	abvd_147_black_1
pulu	pulu	PULU	abvd	TEN	abvd_206_ten_5
pup	pup	PUP	abvd	DUST	-
puti	puti	PUTI	abvd	WHITE	abvd_148_white_1
saya'	saya	SAUA	abvd	EIGHT	-
sayu	sayu	SAUU	abvd	GOOD	-
sin	sin	SIN	abvd	FLESH OR MEAT	abvd_103_meatflesh_1
su	su	SU	abvd	FAR	abvd_180_far_1
takut	takut	TAKUT	abvd	FEAR (BE AFRAID)	abvd_22_tofear_1
taliʔ	taliʔ	TALIH	abvd	ROPE	abvd_65_rope_1
tana	tana	TANA	abvd	EARTH (SOIL)	abvd_119_earthsoil_1
taŋi	tai	TAI	abvd	CRY	abvd_34_tocry_1
taʔaw	taʔaw	TAHAW	abvd	RIGHT	abvd_3_right_5
telawaʔ	telawaʔ	TELAWAH	abvd	SPIDER	abvd_110_spider_1
teluh	teluh	TELUH	abvd	EGG	abvd_98_egg_1
teluʔ	teluʔ	TELUH	abvd	THREE	abvd_199_three_1
tenaʔiʔ	tenaʔiʔ	TENAHIH	abvd	INTESTINES	abvd_16_intestines_1
tevaleŋ	tevale	TEBALE	abvd	THROW	-
tuan	tuan	TUAN	abvd	FOREST	abvd_127_woodsforest_30
tubu	tubu	TUBU	abvd	GROW	abvd_86_togrow_1
tudek	tudek	TUDEK	abvd	FOOT OR LEG	-
tudu	tudu	TUDU	abvd	SLEEP	abvd_48_tosleep_1
tulaŋ	tula	TULA	abvd	BONE	abvd_15_bone_1
tusu	tusu	TUSU	abvd	SEVEN	abvd_203_seven_4
tuvu	tuvu	TUBU	abvd	GROW	abvd_86_togrow_1
uma	uma	UMA	abvd	HOUSE	abvd_61_house_1
uruŋ	uru	URU	abvd	NOSE	abvd_27_nose_1
uruʔ	uruʔ	URUH	abvd	GRASS	abvd_118_grass_52
usan	usan	USAN	abvd	RAIN (PRECIPITATION)	abvd_133_rain_1
usu	usu	USU	abvd	HAND	-
uʔuk	uʔuk	UHUK	abvd	SMALL	abvd_152_small_1
ñaduy	aduy	ADUU	abvd	WORK (ACTIVITY)	abvd_83_towork_22
ñagaʔ	agaʔ	AGAH	abvd	HIT	abvd_72_tohit_34
ñam uʔuk	amuʔuk	AMUHUK	abvd	CHILD	abvd_56_child_1?
ñatuŋ	atu	ATU	abvd	SWIM	abvd_9_toswim_1?
ñaʔet	aʔet	AHET	abvd	SHARP	abvd_81_sharp_30
ñemit	emit	EMIT	abvd	GREEN	abvd_151_green_26
ñerut	erut	ERUT	abvd	SUCK	abvd_42_tosuck_16
ñili	ili	ILI	abvd	TURN	abvd_8_toturn_4?
ñineŋ	ine	INE	abvd	SEE	-
ñipah	ipah	IPAH	abvd	SNAKE	abvd_106_snake_1
ñipi	ipi	IPI	abvd	THIN	abvd_156_thin_1
ñupiʔ	upiʔ	UPIH	abvd	DREAM (SOMETHING)	abvd_50_todream_1
ŋaliʔ	aliʔ	ALIH	abvd	DIG	abvd_90_todig_1
ŋatel	atel	ATEL	abvd	SCRATCH	-
ŋatuŋ	atu	ATU	abvd	FASTEN	-
ŋe-bu	ebu	EBU	abvd	SMELL (PERCEIVE)	abvd_29_tosniffsmell_25
ŋeriŋ	eri	ERI	abvd	HEAR	abvd_44_tohear_19
