Word	IPA	SCA	Source	Concept_ID	Cognate_Set_ID
aa	aa	AA	abvd	WHAT	abvd_188_what_84
aaha	aaha	AAHA	abvd	OPEN	abvd_92_toopenuncover_9
ahi	ahi	AHI	abvd	FIRE	abvd_143_fire_1
aho	aho	AHO	abvd	DAY (NOT NIGHT)	abvd_168_day_1
ai	ai	AI	abvd	WHO	abvd_189_who_1
ala	ala	ALA	abvd	PATH OR ROAD	abvd_6_roadpath_1
alaalahutu	alaalahutu	ALAALAHUTU	abvd	FISH	-
alelo	alelo	ALELO	abvd	TONGUE	abvd_32_tongue_15
aniani	aniani	ANIANI	abvd	BLOW (OF WIND)	abvd_137_toblow_8
arero	arero	ARERO	abvd	TONGUE	abvd_32_tongue_15
aso	aso	ASO	abvd	DAY (NOT NIGHT)	abvd_168_day_1
atamai	atamai	ATAMAI	abvd	RIGHT	abvd_3_right_7
ate	ate	ATE	abvd	LIVER	abvd_17_liver_1
ato	ato	ATO	abvd	THATCH OR ROOF	abvd_62_thatchroof_1
au	au	AU	abvd	SMOKE (EXHAUST)	abvd_145_smoke_2
ffelo	ffelo	PPELO	abvd	YELLOW	abvd_150_yellow_11
haeko	haeko	HAEKO	abvd	BLOOD	abvd_23_blood_4?
haele	haele	HAELE	abvd	WALK	abvd_5_towalk_6
hahine	hahine	HAHINE	abvd	FEMALE PERSON	abvd_55_womanfemale_1
hakakinokino	hakakinokino	HAKAKINOKINO	abvd	BAD OR EVIL	abvd_165_badevil_9
hakateletele	hakateletele	HAKATELETELE	abvd	THINK	-
hale	hale	HALE	abvd	HOUSE	abvd_61_house_14
hale mai	halemai	HALEMAI	abvd	COME	abvd_7_tocome_1
hano	hano	HANO	abvd	IF	-
hatu	hatu	HATU	abvd	STONE	abvd_120_stone_1
hau	hau	HAU	abvd	FASTEN	abvd_66_totieupfasten_11
hea	hea	HEA	abvd	WHERE	abvd_181_where_3
heai	heai	HEAI	abvd	NO OR NOT	abvd_195_nonot_10
hekau	hekau	HEKAU	abvd	WORK (ACTIVITY)	abvd_83_towork_26
hetū	het	HET	abvd	STAR	abvd_130_star_1
hhelo	hhelo	HHELO	abvd	YELLOW	abvd_150_yellow_11
hili	hili	HILI	abvd	CHOOSE	abvd_85_tochoose_1
hine	hine	HINE	abvd	FEMALE PERSON	abvd_55_womanfemale_1
hitu	hitu	HITU	abvd	SEVEN	abvd_203_seven_1
hou	hou	HOU	abvd	NEW	abvd_163_new_1
hua	hua	HUA	abvd	FRUIT	abvd_117_fruit_1
hulahula	hulahula	HULAHULA	abvd	SWELL	abvd_87_toswell_7
hā	h	H	abvd	SPLIT	abvd_80_tosplit_5
i	i	I	abvd	AT	abvd_173_at_1
i loto	iloto	ILOTO	abvd	IN	abvd_174_ininside_5
ia	ia	IA	abvd	HE OR SHE	abvd_184_heshe_1
ika	ika	IKA	abvd	FISH	abvd_111_fish_1
iloa	iloa	ILOA	abvd	KNOW (SOMETHING)	abvd_20_toknowbeknowledgeable_13
inaki	inaki	INAKI	abvd	THATCH OR ROOF	abvd_62_thatchroof_11
io	io	IO	abvd	FLESH OR MEAT	abvd_103_meatflesh_10
ite moko ahea	itemokoahea	ITEMOKOAHEA	abvd	WHEN	abvd_170_when_5
ivi	ivi	IBI	abvd	BONE	abvd_15_bone_52
kaa	kaa	KAA	abvd	SHARP	abvd_81_sharp_14
kai	kai	KAI	abvd	EAT	abvd_37_toeat_1
kaiaa	kaiaa	KAIAA	abvd	STEAL	abvd_73_tosteal_7
kaiusu	kaiusu	KAIUSU	abvd	NOSE	abvd_27_nose_1
kakau	kakau	KAKAU	abvd	SWIM	abvd_9_toswim_5
kake	kake	KAKE	abvd	CLIMB	abvd_172_toclimb_32
kalemata	kalemata	KALEMATA	abvd	EYE	abvd_45_eye_5
kapakau	kapakau	KAPAKAU	abvd	WING	abvd_100_wing_1
kata	kata	KATA	abvd	LAUGH	abvd_33_tolaugh_7
katoa	katoa	KATOA	abvd	ALL	abvd_191_all_13
kautae	kautae	KAUTAE	abvd	INTESTINES	abvd_16_intestines_12
kautalina	kautalina	KAUTALINA	abvd	EAR	abvd_43_ear_1
kelekele	kelekele	KELEKELE	abvd	EARTH (SOIL)	abvd_119_earthsoil_10
keli	keli	KELI	abvd	DIG	abvd_90_todig_1
kili	kili	KILI	abvd	SKIN	abvd_12_skin_1
kiole	kiole	KIOLE	abvd	RAT	abvd_102_rat_12
kite	kite	KITE	abvd	SEE	abvd_46_tosee_1
kiviaitu	kiviaitu	KIBIAITU	abvd	BIRD	-
kkena	kkena	KKENA	abvd	WHITE	abvd_148_white_10
kkumi	kkumi	KKUMI	abvd	SQUEEZE	abvd_88_tosqueeze_14
koe	koe	KOE	abvd	THOU	abvd_183_thou_1
kohu	kohu	KOHU	abvd	FOG	abvd_132_fog_1
kopiti	kopiti	KOPITI	abvd	NARROW	abvd_158_narrow_48
koukou	koukou	KOUKOU	abvd	SWIM	abvd_9_toswim_5
koutou	koutou	KOUTOU	abvd	YOU	abvd_186_you_16
kulii	kulii	KULII	abvd	DOG	abvd_96_dog_7
kutu	kutu	KUTU	abvd	LOUSE	abvd_108_louse_1
laa	laa	LAA	abvd	BRANCH	abvd_113_branch_1
laakau	laakau	LAAKAU	abvd	STICK	abvd_79_stickwood_1
lakulaku	lakulaku	LAKULAKU	abvd	SCRATCH	abvd_77_toscratch_9
lalo	lalo	LALO	abvd	BELOW OR UNDER	abvd_176_below_8
lani	lani	LANI	abvd	SKY	abvd_128_sky_1
lau	lau	LAU	abvd	LEAF	abvd_114_leaf_1
laulu	laulu	LAULU	abvd	HAIR	abvd_26_hair_40
lehu	lehu	LEHU	abvd	DUST	abvd_11_dust_1
lehuna	lehuna	LEHUNA	abvd	CLOUD	abvd_131_cloud_47
lele	lele	LELE	abvd	FLY (MOVE THROUGH AIR)	abvd_101_tofly_11
likiliki	likiliki	LIKILIKI	abvd	SMALL	abvd_152_small_66
liliki	liliki	LILIKI	abvd	SMALL	abvd_152_small_66
lima	lima	LIMA	abvd	HAND	abvd_1_hand_1
llaha	llaha	LLAHA	abvd	WIDE	abvd_159_wide_48
llaku	llaku	LLAKU	abvd	SCRATCH	abvd_77_toscratch_9
lloa	lloa	LLOA	abvd	LONG	abvd_155_long_12
loloa	loloa	LOLOA	abvd	LONG	abvd_155_long_12
lono	lono	LONO	abvd	HEAR	abvd_44_tohear_1
lua	lua	LUA	abvd	VOMIT	abvd_35_tovomit_8
lātou	ltou	LTOU	abvd	THEY	abvd_187_they_1
ma	ma	MA	abvd	AND	abvd_192_and_2
maafana	maafana	MAAPANA	abvd	WARM	abvd_138_warm_1
maahana	maahana	MAAHANA	abvd	WARM	abvd_138_warm_1
maamaa	maamaa	MAAMAA	abvd	CHEW	abvd_38_tochew_1
maanava	maanava	MAANABA	abvd	BREATHE	abvd_28_tobreathe_1
maatoru	maatoru	MAATORU	abvd	THICK	abvd_157_thick_3
maea	maea	MAEA	abvd	ROPE	abvd_65_rope_10
maka'u	makau	MAKAU	abvd	FEAR (BE AFRAID)	abvd_22_tofear_1
makalili	makalili	MAKALILI	abvd	COLD	abvd_139_cold_1
malama	malama	MALAMA	abvd	MOON	abvd_129_moon_7
male	male	MALE	abvd	NAME	-
mamae	mamae	MAMAE	abvd	PAINFUL OR SICK	abvd_160_painfulsick_10
mana	mana	MANA	abvd	THUNDER	abvd_134_thunder_37
manava	manava	MANABA	abvd	BELLY	abvd_14_belly_9
mano	mano	MANO	abvd	THOUSAND	abvd_210_onethousand_2
masa	masa	MASA	abvd	DRY	abvd_140_dry_11
mataku	mataku	MATAKU	abvd	FEAR (BE AFRAID)	abvd_22_tofear_1
matani	matani	MATANI	abvd	WIND	abvd_136_wind_1
matapū	matap	MATAP	abvd	BLUNT	abvd_82_dullblunt_39
mate	mate	MATE	abvd	BE DEAD OR DIE	abvd_75_todiebedead_1
matu	matu	MATU	abvd	FISH	abvd_111_fish_32
matua	matua	MATUA	abvd	OLD	abvd_162_old_1
mea	mea	MEA	abvd	RED	abvd_149_red_1
mmaha	mmaha	MMAHA	abvd	HEAVY	abvd_142_heavy_46
mmao	mmao	MMAO	abvd	FAR	abvd_180_far_13
mmiti	mmiti	MMITI	abvd	SUCK	abvd_42_tosuck_8
mmoto	mmoto	MMOTO	abvd	GREEN	abvd_151_green_1
moana	moana	MOANA	abvd	SEA	abvd_124_sea_10
moe	moe	MOE	abvd	SLEEP	abvd_48_tosleep_10
muisuki	muisuki	MUISUKI	abvd	TAIL	abvd_105_tail_13
mātau	mtau	MTAU	abvd	RIGHT	abvd_3_right_5
mātou	mtou	MTOU	abvd	WE	abvd_185_we_2
māua	mua	MUA	abvd	WE	abvd_185_we_2
namu	namu	NAMU	abvd	MOSQUITO	abvd_109_mosquito_1
nau	nau	NAU	abvd	I	abvd_182_i_1
niho	niho	NIHO	abvd	TOOTH	abvd_31_tooth_1
nniu	nniu	NNIU	abvd	BIG	abvd_153_big_11
noho	noho	NOHO	abvd	SIT	abvd_51_tosit_16
nunu	nunu	NUNU	abvd	BITE	abvd_41_tobite_83
ola	ola	OLA	abvd	BE ALIVE	abvd_76_tolivebealive_6
one	one	ONE	abvd	SAND	abvd_121_sand_1
ono	ono	ONO	abvd	SIX	abvd_202_six_1
pala	pala	PALA	abvd	ROTTEN	abvd_112_rotten_13
palaa	palaa	PALAA	abvd	FEATHER	abvd_99_feather_5
patiaka	patiaka	PATIAKA	abvd	ROOT	abvd_115_root_2
pau	pau	PAU	abvd	COUNT	abvd_196_tocount_63
pehea	pehea	PEHEA	abvd	HOW	abvd_194_how_11
pehi	pehi	PEHI	abvd	THROW	abvd_94_tothrow_12
pela	pela	PELA	abvd	DIRTY	abvd_10_dirty_7
pohoulu	pohoulu	POHOULU	abvd	HEAD	abvd_24_head_10
poo	poo	POO	abvd	NIGHT	abvd_167_night_1
popo	popo	POPO	abvd	ROTTEN	abvd_112_rotten_14
potopoto	potopoto	POTOPOTO	abvd	SHORT	abvd_154_short_9
ppoto	ppoto	PPOTO	abvd	SHORT	abvd_154_short_9
pukua	pukua	PUKUA	abvd	MOUTH	abvd_30_mouth_49
saele	saele	SAELE	abvd	WALK	abvd_5_towalk_6
saona	saona	SAONA	abvd	SMELL (PERCEIVE)	abvd_29_tosniffsmell_10
sava	sava	SABA	abvd	DIRTY	abvd_10_dirty_8
see	see	SEE	abvd	FLOWER	abvd_116_flower_9
sehui	sehui	SEHUI	abvd	TEN	-
sele	sele	SELE	abvd	CUT OR HACK	abvd_78_tocuthack_16
sese	sese	SESE	abvd	HUNT	abvd_69_tohunt_88
sika	sika	SIKA	abvd	NEEDLE (FOR SEWING)	abvd_68_needle_9
sina	sina	SINA	abvd	FALL	abvd_95_tofall_44
sineki	sineki	SINEKI	abvd	SNAKE	-
sinu	sinu	SINU	abvd	FAT (ORGANIC SUBSTANCE)	abvd_104_fatgrease_12
siu	siu	SIU	abvd	WET	abvd_141_wet_11
sivo	sivo	SIBO	abvd	NINE	abvd_205_nine_5
somo	somo	SOMO	abvd	GROW	abvd_86_togrow_7
sookai	sookai	SOOKAI	abvd	STAB	abvd_71_tostabpierce_67
sui	sui	SUI	abvd	BUY	abvd_91_tobuy_8
suki	suki	SUKI	abvd	STAB	abvd_71_tostabpierce_1
sunu	sunu	SUNU	abvd	SMELL (PERCEIVE)	abvd_29_tosniffsmell_45?
sāvale	svale	SBALE	abvd	SPIT	abvd_36_tospit_18
taa	taa	TAA	abvd	HIT	abvd_72_tohit_10
taalaki	taalaki	TAALAKI	abvd	OPEN	abvd_92_toopenuncover_10
taane	taane	TAANE	abvd	MALE PERSON	abvd_54_manmale_1
tahi	tahi	TAHI	abvd	ONE	abvd_197_one_41
tahuli	tahuli	TAHULI	abvd	TURN	abvd_8_toturn_15
tama	tama	TAMA	abvd	PERSON	abvd_53_personhumanbeing_1
tamalikiliki	tamalikiliki	TAMALIKILIKI	abvd	CHILD	abvd_56_child_6
tamalliki	tamalliki	TAMALLIKI	abvd	CHILD	abvd_56_child_6
tamamoa	tamamoa	TAMAMOA	abvd	EGG	-
tamana	tamana	TAMANA	abvd	FATHER	abvd_60_father_1
tanata	tanata	TANATA	abvd	PERSON	abvd_53_personhumanbeing_1
tani	tani	TANI	abvd	CRY	abvd_34_tocry_1
tao	tao	TAO	abvd	COOK (SOMETHING)	abvd_39_tocook_10
taohi	taohi	TAOHI	abvd	HOLD	abvd_89_tohold_17
tapuae	tapuae	TAPUAE	abvd	FOOT OR LEG	-
tasi	tasi	TASI	abvd	ONE	abvd_197_one_41
tau	tau	TAU	abvd	YEAR	abvd_169_year_1
taulekaleka	taulekaleka	TAULEKALEKA	abvd	GOOD	abvd_164_good_14
taupili	taupili	TAUPILI	abvd	NEAR	abvd_179_near_30
te nei	tenei	TENEI	abvd	THIS	abvd_177_this_7
tea	tea	TEA	abvd	WHITE	abvd_148_white_8
tinna	tinna	TINNA	abvd	MOTHER	abvd_59_mother_1
tolu	tolu	TOLU	abvd	THREE	abvd_199_three_1
tonu	tonu	TONU	abvd	CORRECT (RIGHT)	abvd_166_correcttrue_8
tootoo	tootoo	TOOTOO	abvd	PLANT (SOMETHING)	abvd_84_toplant_4
tua	tua	TUA	abvd	BACK	abvd_13_back_11
tualiki	tualiki	TUALIKI	abvd	THIN	abvd_156_thin_34
tui	tui	TUI	abvd	SEW	abvd_67_tosew_13
tuki	tuki	TUKI	abvd	POUND	abvd_93_topoundbeat_2
tupu	tupu	TUPU	abvd	GROW	abvd_86_togrow_1
tutu	tutu	TUTU	abvd	BURN	abvd_144_toburn_1
tuu	tuu	TUU	abvd	STAND	abvd_52_tostand_2
tuunia	tuunia	TUUNIA	abvd	BURN	abvd_144_toburn_1
tātala	ttala	TTALA	abvd	SAY	abvd_64_tosay_60
tātou	ttou	TTOU	abvd	WE	abvd_185_we_1
tāua	tua	TUA	abvd	WE	abvd_185_we_1
ua	ua	UA	abvd	NECK	abvd_25_neck_18
uila	uila	UILA	abvd	LIGHTNING	abvd_135_lightning_2
uli	uli	ULI	abvd	BLACK	abvd_147_black_7
umiumi	umiumi	UMIUMI	abvd	SUCK	abvd_42_tosuck_12
unu	unu	UNU	abvd	DRINK	abvd_40_todrink_1
uu	uu	UU	abvd	BREAST	abvd_18_breast_1
vae	vae	BAE	abvd	FOOT OR LEG	abvd_4_legfoot_1
vai	vai	BAI	abvd	WATER	abvd_122_water_2
vale	vale	BALE	abvd	LEFT	abvd_2_left_31
valu	valu	BALU	abvd	EIGHT	abvd_204_eight_3
vao	vao	BAO	abvd	FOREST	abvd_127_woodsforest_14
vasao	vasao	BASAO	abvd	SEA	abvd_124_sea_12
velevele	velevele	BELEBELE	abvd	SPIDER	abvd_110_spider_1
veve	veve	BEBE	abvd	GRASS	abvd_118_grass_30
